Workbook
Name A: '1ra.COMUNION'!#REF!
Name A: '1ra.COMUNION'!#REF!
Name DIA: '1ra.COMUNION'!#REF!
Name DIA: BAUTIZMO!#REF!
Name DIA: [1]MATRIMONIO!#REF!
Name DIA: MATRIMONIO!#REF!
Name DIA: MATRIMONIO!#REF!
Name DIA: [1]MATRIMONIO!#REF!
Name DIA: MATRIMONIO!#REF!

Sheet MATRIMONIO
B3: CERTIFICADO DE MATRIMONIO 2023
B4: PAREJA | C4: DIA | D4: MES | E4: AÑO | F4: PRESBITERO | G4: TESTIGO1 | H4: TESTIGO2 | I4: TESTIGO3 | J4: TESTIGO4 | K4: PÁRROCO | L4: LIBRO | M4: PAGINA | N4: PARTIDA | V4: Dias | W4: Mes
A5: 1 | B5: FILIBERTO GERARDO Y CLAUDIA VIRIDIANA | C5: 25 | D5: MARZO | E5: 2023 | F5: GERARDO CAMACHO PONCE | G5: ERIKA GABRIELA BETANCOURT HERNANDEZ | H5: RAMON HUARAQUI ROMERO | I5: ROSA ISELA GUTIERREZ ARCE | J5: RAFAEL MEDINA CARDENAS | K5: PBRO. GERARDO CAMACHO PONCE | L5: 1 | M5: 32 | N5: 63 | V5: 1 | W5: ENERO
A6: 2 | B6: RAMON ENRIQUE Y CLAUDIA IXCHEL | C6: 26 | D6: MAYO | E6: 2023 | F6: CESAR ZAID CHUFFE BRITO | G6: MARCO VINICIO VEGA LOPEZ | H6: MONICA MORALES RODRIGUEZ | I6: JESUS JOEL TREJO OCHOA | J6: LEONOR CONTRERAS DE TREJO | K6: PBRO. GERARDO CAMACHO PONCE | L6: 1 | M6: 32 | N6: 64 | V6: 2 | W6: FEBRERO
A7: 3 | B7: VICTOR MANUEL E ISABEL | C7: 5 | D7: AGOSTO | E7: 2023 | F7: GERARDO CAMACHO PONCE | G7: FAUSTINO DE JESUS CHAIDEZ BELTRAN | H7: JIMENA ISABEL BETANCOURT VILLALOBOS | I7: MARGARITA VELAZQUEZ ALFARO | J7: MELANY ATHZIRI BETANCOURT VILLALOBOS | K7: PBRO. GERARDO CAMACHO PONCE | L7: 1 | M7: 33 | N7: 65 | V7: 3 | W7: MARZO
A8: 4 | B8: MANUEL GONZALO Y MARIA VERONICA | C8: 14 | D8: OCTUBRE | E8: 2023 | F8: GERARDO CAMACHO PONCE | G8: BRYAN ALEXIS BOURGOIN GRAJEDA | H8: MANUEL GONZALO BOURGOIN GRAJEDA | I8: SEGIO ENRIQUE CASTAÑEDA GUERRERO | J8: ARATH ADAL BOURGOIN GRAJEDA | K8: PBRO. GERARDO CAMACHO PONCE | L8: 1 | M8: 33 | N8: 66 | V8: 4 | W8: ABRIL
A9: 5 | B9: GUADALUPE MARTIN Y RAFAELA | C9: 28 | D9: OCTUBRE | E9: 2023 | F9: ERICK BENJAMIN DOMINGUEZ DUARTE | G9: MARGARITA PINELA CASTAÑEDA | H9: JOSE ANGEL GUERRERO ALVAREZ | I9: ALEJANDRA BUZANI ESPARZA | J9: DIEGO ENRIQUE FRANCO JASSO | K9: PBRO. GERARDO CAMACHO PONCE | L9: 1 | M9: 34 | N9: 67 | V9: 5 | W9: MAYO
A10: 6 | B10: FRANCISCO ENRIQUE Y DANIELA ALEJANDRA | C10: 25 | D10: NOVIEMBRE | E10: 2023 | F10: PBRO. CARLOS SANTIAGO ROBLES URREA | G10: RAMIRO GERMAN GANDARILLA | H10: VERONICA MONGUEL LOPEZ | I10: OSCAR ARMANDO MUNGUIA ALCALA | J10: LAURA MARTINEZ VALENZUELA | K10: PBRO. GERARDO CAMACHO PONCE | L10: 1 | M10: 34 | N10: 68 | V10: 6 | W10: JUNIO
B11: CERTIFICADO DE MATRIMONIO 2024
A12: 7 | B12: RENE ALEXANDER Y ANA LAURA | C12: 19 | D12: ABRIL | E12: 2024 | F12: GERARDO CAMACHO PONCE | G12: MERCED LOPEZ NAVA | H12: ANA LUZ COVARRUBIAS FLORES | I12: KARINA ALBINA CAMARGO TORRES | J12: MARIA DE LOS ANGELES TORRES PEREZ | K12: PBRO. GERARDO CAMACHO PONCE | L12: 1 | M12: 35 | N12: 69 | V12: 7 | W12: JULIO
A13: 8 | B13: CARLOS OMAR Y DENIA DEL CARMEN | C13: 20 | D13: ABRIL | E13: 2024 | F13: GERARDO CAMACHO PONCE | G13: FELIPE DE JESUS ALCALA | H13: OLGA RIOS MORALES | I13: BALDEMAR NORIEGA VASQUEZ | J13: ANA ALICIA RUIZ BURREL | K13: PBRO. GERARDO CAMACHO PONCE | L13: 1 | M13: 35 | N13: 70 | V13: 8 | W13: AGOSTO
A14: 9 | B14: FERNANDO FRANCISCO Y EDNA PATRICIA | C14: 27 | D14: ABRIL | E14: 2024 | F14: GERARDO CAMACHO PONCE | G14: RAFAEL EDUARDO MENDIVIL RAMIREZ | H14: ROSARIO BUELNA MENDIVIL | I14: HERIBERTO TAPIA FLORES | J14: ANA IRIS GALINDO QUINTANA | K14: PBRO. GERARDO CAMACHO PONCE | L14: 1 | M14: 36 | N14: 71 | V14: 9 | W14: SEPTIEMBRE
A15: 10 | B15: PAVEL Y DOLORES FABIOLA | C15: 27 | D15: SEPTIEMBRE | E15: 2024 | F15: GERARDO CAMACHO PONCE | G15: ANA VERONICA PARRA COLORES | H15: NATALY PEÑA BERNAL | I15: YADIRA GUADALUPE PARRA COLORES | J15: FRANCISCA LUKSO | K15: PBRO. GERARDO CAMACHO PONCE | L15: 1 | M15: 36 | N15: 72 | V15: 10 | W15: OCTUBRE
A16: 11 | B16: OCTAVIO Y DANIELA | C16: 20 | D16: OCTUBRE | E16: 2024 | F16: GERARDO CAMACHO PONCE | G16: SALVADOR FLORES SOTO | H16: PATRICIA ACOSTA QUEZADA | I16: MIGUEL ANGEL MUÑOZ | J16: IRAZEMA J. GONZALEZ DE MUÑOZ | K16: PBRO. GERARDO CAMACHO PONCE | L16: 1 | M16: 37 | N16: 73 | V16: 11 | W16: NOVIEMBRE
A17: 12 | B17: JORGE ALBERTO Y LILIANA CAROLINA | C17: 8 | D17: NOVIEMBRE | E17: 2024 | F17: GERARDO CAMACHO PONCE | G17: JESUS FERNANDO ALDECOA CORDOVA | H17: SONYA MARIBEL CAMPOY GAMEZ | I17: RAMON ALFONSO VILLA NEVAREZ | J17: MARCELA MARTINEZ MUÑOZ | K17: PBRO. GERARDO CAMACHO PONCE | L17: 1 | M17: 37 | N17: 74 | V17: 12 | W17: DICIEMBRE
A18: 13 | B18: GABRIEL REFUGIO Y ERIKA GUADALUPE | C18: 30 | D18: NOVIEMBRE | E18: 2024 | F18: GERARDO CAMACHO PONCE | G18: ISMAEL SEPULVEDA SOLIS | H18: OFELIA DURAZO ZAMORA | I18: JAVIER VILLARREAL LOPEZ | J18: BEATRIZ GASCA SANCHEZ | K18: PBRO. GERARDO CAMACHO PONCE | L18: 1 | M18: 38 | N18: 75 | V18: 13
A19: 14 | B19: FRANCISCO JAVIER Y MARIA DOLORES | C19: 7 | D19: DICIEMBRE | E19: 2024 | F19: GERARDO CAMACHO PONCE | G19: ISMAEL HORACIO ASSALIA JACOTT | H19: ANA YAMMILETH CASAS ANDRADE | I19: MANUEL ELIAS MERCADO ALVARADO | J19: PATRICIA GUADALUPE NAVARRO ROBLES | K19: PBRO. GERARDO CAMACHO PONCE | L19: 1 | M19: 38 | N19: 76 | V19: 14
B20: CERTIFICADO DE MATRIMONIO 2025
A21: 15 | B21: MARTIN Y GLORIA PAZ | C21: 19 | D21: FEBRERO | E21: 2025 | F21: GERARDO CAMACHO PONCE | G21: HECTOR MARTINEZ GARCIA | H21: MARIA DE LOS ANGELES LOPEZ GIL | I21: LUIS FRANCISCO DEL REAL VEGA | J21: OFELIA BARRAZA HOYOS | K21: PBRO. GERARDO CAMACHO PONCE | L21: 1 | M21: 39 | N21: 77 | V21: 15
A22: 16 | B22: MARTIN GUILLERMO Y MIRZA | C22: 8 | D22: MARZO | E22: 2025 | F22: GERARDO CAMACHO PONCE | G22: MIGUEL ANGEL DUARTE ROJAS | H22: GRISELDA BETZABETH FELIX ORTIZ | I22: JOSE ANTONIO VEGA | J22: ALEJANDRA VEGA | K22: PBRO. GERARDO CAMACHO PONCE | L22: 1 | M22: 39 | N22: 78 | V22: 16
A23: 17 | B23: ISAAC Y PERLA KARITZA | C23: 26 | D23: ABRIL | E23: 2025 | F23: PBRO. CARLOS SANTIAGO ROBLES URREA | G23: LUIS MATIAS DE LA VARA ROBLES | H23: LAURA ELENA GRIJALVA HARO | I23: ARTUTO ANASTACIO REYNA CASTRO | J23: ANABEL SOLORZANO DREW | K23: PBRO. GERARDO CAMACHO PONCE | L23: 1 | M23: 40 | N23: 79 | V23: 17
A24: 18 | B24: MARTIN ABRAHAM Y THANAIRI | C24: 6 | D24: JUNIO | E24: 2025 | F24: GERARDO CAMACHO PONCE | G24: MARTIN ESPINOZA MEDINA | H24: JOSEFINA SOTO ESCALANTE | I24: RICARDO GONZALEZ GRIJALVA | J24: ALMA VERONICA LOBIO VIZCARRA | K24: PBRO. GERARDO CAMACHO PONCE | L24: 1 | M24: 40 | N24: 80 | V24: 18
A25: 19 | B25: CARLOS ADRIAN Y ANGELICA DE LOURDES | C25: 19 | D25: DICIEMBRE | E25: 2025 | F25: GERARDO CAMACHO PONCE | G25: JORGE RAMIREZ JIMENEZ | H25: LUISA FERNANDA RUIZ CAZARES | I25: HORACIO BALDERRAMA COTA | J25: MAYRA ARENAS MONGE | K25: PBRO. GERARDO CAMACHO PONCE | L25: 1 | M25: 41 | N25: 81 | V25: 19
A26: 20 | B26: GUADALUPE DE JESUS Y MERARI ABIGAIL | C26: 27 | D26: DICIEMBRE | E26: 2025 | F26: GERARDO CAMACHO PONCE | G26: RAUL SALVADOR MARTINEZ VILLA | H26: BEATRIZ ELENA SALAZAR ESPARZA | I26: JOAQUIN CRUZ GRIJALVA | J26: ALMA IRENE VALENZUELA JIMENEZ | K26: PBRO. GERARDO CAMACHO PONCE | L26: 1 | M26: 41 | N26: 82 | V26: 20
B27: CERTIFICADO DE MATRIMONIO 2026
A28: 21 | B28: JESUS MANUEL Y DENISE SARAHI | C28: 18 | D28: ABRIL | E28: 2026 | F28: GERARDO CAMACHO PONCE | G28: GERARDO VALENZUELA VARELA | H28: TERESITA OCTAVIANA JUSAINO MONGE | I28: JUAN PALAFOX LUNA | J28: BLANCA ALICIA IBARRA MENDOZA | K28: PBRO. GERARDO CAMACHO PONCE | L28: 1 | M28: 42 | N28: 83 | V28: 22
A29: 22 | K29: PBRO. GERARDO CAMACHO PONCE | L29: 1 | M29: 42 | N29: 84 | V29: 23
A30: 23 | K30: PBRO. GERARDO CAMACHO PONCE | L30: 1 | M30: 43 | N30: 85 | V30: 24
A31: 24 | K31: PBRO. GERARDO CAMACHO PONCE | L31: 1 | M31: 43 | N31: 86 | V31: 25
A32: 25 | K32: PBRO. GERARDO CAMACHO PONCE | L32: 1 | M32: 44 | N32: 87 | V32: 26
A33: 26 | K33: PBRO. GERARDO CAMACHO PONCE | L33: 1 | M33: 44 | N33: 88 | V33: 27
A34: 27 | K34: PBRO. GERARDO CAMACHO PONCE | L34: 1 | M34: 45 | N34: 89 | V34: 28
A35: 28 | M35: 45 | N35: 90 | V35: 29
A36: 29 | V36: 30
A37: 30 | V37: 31
A38: 31
A39: 32
A40: 33
A41: 34
A42: 35
A43: 36
A44: 37
A45: 38
A46: 39
A47: 40
A48: 41
A49: 42
... A673: 700

Sheet IMPRESION-MATRIMONIO
A1: 21
C3: =LOOKUP($A$1,MATRIMONIO!$A$5:B965) -> JESUS MANUEL Y DENISE SARAHI
D7: =IF(LOOKUP($A$1,MATRIMONIO!$A$5:C965)=0," ",LOOKUP($A$1,MATRIMONIO!$A$5:C965)) -> 18 | F7: =IF(LOOKUP($A$1,MATRIMONIO!$A$5:D965)=0," ",LOOKUP($A$1,MATRIMONIO!$A$5:D965)) -> ABRIL | I7: =IF(LOOKUP($A$1,MATRIMONIO!$A$5:E965)=0," ",LOOKUP($A$1,MATRIMONIO!$A$5:E965)) -> 2026 | L7: =IF(LOOKUP($A$1,MATRIMONIO!$A$5:F965)=0," ",LOOKUP($A$1,MATRIMONIO!$A$5:F965)) -> GERARDO CAMACHO PONCE
C9: =IF(LOOKUP($A$1,MATRIMONIO!$A$5:G965)=0," ",LOOKUP($A$1,MATRIMONIO!$A$5:G965)) -> GERARDO VALENZUELA VARELA | K9: =LOOKUP($A$1,MATRIMONIO!$A$5:H965) -> TERESITA OCTAVIANA JUSAINO MONGE
C11: =IF(LOOKUP($A$1,MATRIMONIO!$A$5:I965)=0," ",LOOKUP($A$1,MATRIMONIO!$A$5:I965)) -> JUAN PALAFOX LUNA | K11: =IF(LOOKUP($A$1,MATRIMONIO!$A$5:I965)=0," ",LOOKUP($A$1,MATRIMONIO!$A$5:J965)) -> BLANCA ALICIA IBARRA MENDOZA
F13: =LOOKUP($A$1,MATRIMONIO!$A$5:L965) -> 1 | I13: =LOOKUP($A$1,MATRIMONIO!$A$5:M965) -> 42
F14: =LOOKUP($A$1,MATRIMONIO!$A$5:N965) -> 83 | L14: PBRO. GERARDO CAMACHO
C20: NOTA: SOLO TECLEAR EN LA COLUMNA A1 EL NUMERO CORRESPONDA EN LA HOJA MATRIMONIO

Sheet 1ra.COMUNION
C3: CERTIFICADO DE PRIMERA COMUNION 2023
R5: 1 | S5: ENERO
C6: JESUS EL SEÑOR - CARMEN CONTRERAS - 26 DE MAYO
C7: NIÑO(A) | D7: DIA | E7: MES | F7: AÑO | G7: PAPA | H7: MAMA | I7: MADRINA O PADRINO | J7: PÁRROCO
A8: 1 | B8: 1 | C8: EDYLET NATALIA BARRERAS ZARATE | D8: 26 | E8: MAYO | F8: 2023 | G8: EDUARDO BARRERAS MORALES | H8: SONIA LETICIA ZARATE QUIJADA | I8: VERONICA MARIA ZARATE QUIJADA | J8: PBRO. GERARDO CAMACHO PONCE
A9: 2 | B9: 2 | C9: CAMILA MEDRANO DUSTEN | D9: 26 | E9: MAYO | F9: 2023 | G9: ALEJANDRO MEDRANO ROJO | H9: DENISSE IZVETH DUSTEN GURROLA | I9: MANUEL DE JESUS DUSTEN LOPEZ Y JESUS DOLORES GURROLA PERAZA | J9: PBRO. GERARDO CAMACHO PONCE
A10: 3 | B10: 3 | C10: PAULINA GRACIA MARTINEZ | D10: 26 | E10: MAYO | F10: 2023 | G10: OSVALDO GUADALUPE GRACIA NORIEGA | H10: ALEJANDRA MARTINEZ NUÑEZ | I10: MARIA LUISA DUARTE MIRANDA | J10: PBRO. GERARDO CAMACHO PONCE
A11: 4 | B11: 4 | C11: DILBERT OJEDA IBARRA | D11: 26 | E11: MAYO | F11: 2023 | G11: JOSE LUIS OJEDA ALCANTAR | H11: JAZMIN MONICA IBARRA DELGADO | I11: ESTEBAN CHAZARO RAMIREZ Y ANA VICTORIA IBARRA DELGADO | J11: PBRO. GERARDO CAMACHO PONCE
A12: 5 | B12: 5 | C12: IKER SANTIAGO GARCIA OROZCO | D12: 26 | E12: MAYO | F12: 2023 | G12: RODRIGO GARCIA CONTRERAS | H12: PERLA AZUCENA OROZCO LIMON | I12: MIGUEL IVAN OROZCO LIMON | J12: PBRO. GERARDO CAMACHO PONCE
A13: 6 | B13: 6 | C13: ANA ELISA FERNANDEZ DAVILA | D13: 26 | E13: MAYO | F13: 2023 | G13: HECTOR EFRAIN FERNANDEZ LOZANO | H13: ADRIANA CECILIA DAVILA GUTIERREZ | I13: CRISTINA FERNANDEZ LOZANO | J13: PBRO. GERARDO CAMACHO PONCE
A14: 7 | B14: 7 | C14: MARIA BARBARA FERNANDEZ DAVILA | D14: 26 | E14: MAYO | F14: 2023 | G14: HECTOR EFRAIN FERNANDEZ LOZANO | H14: ADRIANA CECILIA DAVILA GUTIERREZ | I14: MARIA ALEJANDRA ARAIZA ARMENTA | J14: PBRO. GERARDO CAMACHO PONCE
A15: 8 | B15: 8 | C15: LUIS ALFONSO ACOSTA NUÑEZ | D15: 26 | E15: MAYO | F15: 2023 | G15: DANIEL ALFONSO ACOSTA ANTUNEZ | H15: ADARIT NUÑEZ CAMACHO | I15: DANIELA ACOSTA NUÑEZ | J15: PBRO. GERARDO CAMACHO PONCE
A16: 9 | B16: 9 | C16: ESTRELLA NAVARRO CAMACHO | D16: 26 | E16: MAYO | F16: 2023 | G16: PAUL ARTURO NAVARRO RAZCON | H16: ANA JAZLIM CAMACHO ESTRELLA | I16: LORENIA NAVARRO MENDOZA | J16: PBRO. GERARDO CAMACHO PONCE
A17: 10 | B17: 10 | C17: DAVID MARTIN VAZQUEZ LOPEZ | D17: 26 | E17: MAYO | F17: 2023 | G17: MARTIN GUASTAVO VAZQUEZ PALMA | H17: CLAUDIA FRANCISCA LOPEZ LEAL | I17: ABEL CAIN CARRANZA JIMENEZ Y ROSA MARIA RUIZ TRUJILLO | J17: PBRO. GERARDO CAMACHO PONCE
A18: 11 | B18: 11 | C18: SILVANA ALVARADO GOMEZ | D18: 26 | E18: MAYO | F18: 2023 | G18: EDUARDO ALVARADO PARTIDA | H18: MARCELA GOMEZ RAMOS | I18: XIMENA ALVARADO GOMEZ | J18: PBRO. GERARDO CAMACHO PONCE
A19: 12 | B19: 12 | C19: LEONARDO ORTEGA LERMA | D19: 26 | E19: MAYO | F19: 2023 | G19: JUAN CARLOS ORTEGA ABASOLO | H19: MARJORIE LERMA REYES | I19: MARIA DEL ROSARIO ORTEGA ABASOLO | J19: PBRO. GERARDO CAMACHO PONCE
... A29: 22 | B29: 22 | C29: PABLO ESCUDERO RODRIGUEZ | D29: 26 | E29: MAYO | F29: 2023 | G29: SERGIO ANTONIO ESCUDERO LUNA | H29: EUGENIA RODRIGUEZ VELASCO | I29: MONICA ARMIDA VELASCO MOLINA | J29: PBRO. GERARDO CAMACHO PONCE
C31: SAN PIO - ICELA CALDERA - 13 DE MAYO
C32: NIÑO(A) | D32: DIA | E32: MES | F32: AÑO | G32: PAPA | H32: MAMA | I32: MADRINA O PADRINO | J32: PÁRROCO
A33: 1 | B33: 23 | C33: ERIK SANTIAGO AYALA ORTA | D33: 13 | E33: MAYO | F33: 2023 | G33: JESUS IVAN AYALA GOMEZ | H33: CINTIA SELENE ORTA ARAIZA | I33: JESUS ALAN ORTA ARAIZA | J33: PBRO. GERARDO CAMACHO PONCE
A34: 2 | B34: 24 | C34: MARIANA GUADALUPE BARAJAS CASTAÑEDA | D34: 13 | E34: MAYO | F34: 2023 | G34: MARCO ANTONIO BARAJAS CORONADO | H34: FRANCISCA EDITH CASTAÑEDA SALAZAR | I34: MICHELLE ESMERALDA RODRIGUEZ SALAZAR | J34: PBRO. GERARDO CAMACHO PONCE
A35: 3 | B35: 25 | C35: DANIEL ALEXANDER BORBON GARDUÑO | D35: 13 | E35: MAYO | F35: 2023 | G35: FREDY BORBON ORTEGA | H35: MARIA DOLORES GARDUÑO REYES | I35: RAMON EMILIO NIEBLAS NORIEGA Y JESUS ALONDRA BORBON ENCINAS | J35: PBRO. GERARDO CAMACHO PONCE
A36: 4 | B36: 26 | C36: DEVANY BEATRIZ BRAVO PALAFOX | D36: 13 | E36: MAYO | F36: 2023 | G36: GILDARDO RUBEN BRAVO BADILLA | H36: EDUWIGES PALAFOX AGUIRRE | I36: MARIA INES PALAFOX AGUIRRE | J36: PBRO. GERARDO CAMACHO PONCE
A37: 5 | B37: 27 | C37: DAMIAN ALEXIS BUSTAMANTE RAMOS | D37: 13 | E37: MAYO | F37: 2023 | G37: JESUS GUADALUPE BUSTAMANTE DORADO | H37: CLAUDIA ADILENE RAMOS LUNA | I37: JUAN RAMOS LUNA | J37: PBRO. GERARDO CAMACHO PONCE
A38: 6 | B38: 28 | C38: SARAHI DEL CARMEN LOPEZ MORA | D38: 13 | E38: MAYO | F38: 2023 | G38: JESUS ALBERTO LOPEZ GARCIA | H38: MARIA DEL CARMEN MORA VILLALOBOS | I38: MARISOL GUADALUPE MORA VILLALOBOS | J38: PBRO. GERARDO CAMACHO PONCE
A39: 7 | B39: 29 | C39: SEBASTIAN ABELARDO LUNA MENDEZ | D39: 13 | E39: MAYO | F39: 2023 | G39: MARIO ALBERTO LUNA RODRIGUEZ | H39: SANDRA MARIA MENDEZ VAZQUEZ | I39: JUAN ANGEL DOMINGUEZ MENDEZ | J39: PBRO. GERARDO CAMACHO PONCE
A40: 8 | B40: 30 | C40: XIMENA ESTEFANIA MADA GARDUÑO | D40: 13 | E40: MAYO | F40: 2023 | G40: JOSE FRANCISCO MADA RAMIREZ | H40: MARIBEL GARDUÑO REYES | I40: YAILIN GARDUÑO REYES | J40: PBRO. GERARDO CAMACHO PONCE
A41: 9 | B41: 31 | C41: DARISSA BANELY MATA ORDUÑO | D41: 13 | E41: MAYO | F41: 2023 | G41: LUIS MANUEL MATA HERNANDEZ | H41: ROSA ALICIA GUADALUPE ORDUÑO BANDA | I41: BRAYAN ELEAZAR ORDUÑO BANDA Y MARIA INES PALAFOX AGUIRRE | J41: PBRO. GERARDO CAMACHO PONCE
A42: 10 | B42: 32 | C42: CARLOS JAVIER MOLINA SOTO | D42: 13 | E42: MAYO | F42: 2023 | G42: CARLOS JAVIER MOLINA HERMOSILLO | H42: CLAUDIA JUDITH SOTO PASILLAS | I42: YADIRA DEL REFUGIO HERMOSILLO REY | J42: PBRO. GERARDO CAMACHO PONCE
A43: 11 | B43: 33 | C43: SOFIA JAQUELINE MORALES PERALTA | D43: 13 | E43: MAYO | F43: 2023 | G43: JAZIEL CHAYAN MORALES GUZMAN | H43: TANIA JAQUELINE PERALTA FELIX | I43: FERNANDA ALEJANDRA RODRIGUEZ PERALTA | J43: PBRO. GERARDO CAMACHO PONCE
A44: 12 | B44: 34 | C44: ANGEL ISRAEL PEREZ ULIBARRIA | D44: 13 | E44: MAYO | F44: 2023 | G44: ISRAEL PEREZ ARAGON | H44: MARTINA ULIBARRIA SARABIA | I44: CARLOS REINALDO ALVARES GIRON Y EUFROCINA CABRERA PEREZ | J44: PBRO. GERARDO CAMACHO PONCE
A45: 13 | B45: 35 | C45: LLUVIA RUELAS MEZA | D45: 13 | E45: MAYO | F45: 2023 | H45: LLUVIA GUADALUPE RUELAS MEZA | I45: MARIA ISELA DE LA CRUZ | J45: PBRO. GERARDO CAMACHO PONCE
A46: 14 | B46: 36 | C46: MARIA JOSE AGUIRRE LOPEZ | D46: 13 | E46: MAYO | F46: 2023 | H46: VERONICA BEATRIZ AGUIRRE LOPEZ | I46: GILDARDO RUBEN BRAVO BADILLA | J46: PBRO. GERARDO CAMACHO PONCE
A47: 15 | B47: 37 | C47: SERGIO TADEO BADACHI MALDONADO | D47: 13 | E47: MAYO | F47: 2023 | G47: JOSE ABRAHAM BADACHI RODRIGUEZ | H47: KARINA HODERAY MALDONADO CAREAGA | I47: GUADALUPE LORENZO GAMEZ RIVAS Y MARIA AUXILIADORA BADACHI RODRIGUEZ | J47: PBRO. GERARDO CAMACHO PONCE
A48: 16 | B48: 38 | C48: MAYRIM CAMILA BARAJAS CASTAÑEDA | D48: 13 | E48: MAYO | F48: 2023 | G48: MARCO ANTONIO BARAJAS CORONADO | H48: FRANCISCA EDITH CASTAÑEDA SALAZAR | I48: GUADALUPE ANAHI RODRIGUEZ SALAZAR | J48: PBRO. GERARDO CAMACHO PONCE
A49: 17 | B49: 39 | C49: JAZMIN ALEJANDRA CORRALES MENDOZA | D49: 13 | E49: MAYO | F49: 2023 | G49: REY DAVID CORRALES RODRIGUEZ | H49: REYNA ALEJANDRA MENDOZA VALENZUELA | I49: ORALIA GUILLERMINA MENDOZA VALENZUELA | J49: PBRO. GERARDO CAMACHO PONCE
A50: 18 | B50: 40 | C50: JULIETH GUADALUPE MORENO SILVA | D50: 13 | E50: MAYO | F50: 2023 | G50: MARCOS ORLANDO MORENO ALBARRAN | H50: FERNANDA JAQUELINE SILVA SESMA | I50: MIRIAM LIZBETH BORJA RESENDEZ | J50: PBRO. GERARDO CAMACHO PONCE
A51: 19 | B51: 41 | C51: MARIA DEL SOL NAVA IBARRA | D51: 13 | E51: MAYO | F51: 2023 | G51: JESUS FRANCISCO NAVA POMPA | H51: REYNA JUDITH IBARRA MEDINA | I51: MARIA DELIA IBARRA MEDINA | J51: PBRO. GERARDO CAMACHO PONCE
A52: 20 | B52: 42 | C52: DORIAN ALBERTO OSUNA RODRIGUEZ | D52: 13 | E52: MAYO | F52: 2023 | G52: ALBERTO OSUNA MURILLO | H52: MARIA LIZBETH RODRIGUEZ MONGE | I52: FRANCISCA MONGE TARAZON | J52: PBRO. GERARDO CAMACHO PONCE
A53: 21 | B53: 43 | C53: BRITHANY GUADALUPE OZUNA BORJA | D53: 13 | E53: MAYO | F53: 2023 | G53: MARIO ARMANDO OZUNA MENDIVIL | H53: MIRIAM LIZBETH BORJA RESENDEZ | I53: IRMA ALICIA OZUNA MENDIVIL | J53: PBRO. GERARDO CAMACHO PONCE
A54: 22 | B54: 44 | C54: MILEIDY DANIELA PEREZ ULIBARRIA | D54: 13 | E54: MAYO | F54: 2023 | G54: ISRAEL PEREZ ARAGON | H54: MARTINA ULIBARRIA SARABIA | I54: ULISES PEREZ ARAGON | J54: PBRO. GERARDO CAMACHO PONCE
A55: 23 | B55: 45 | C55: BRAYAN JESUS ARMENTA TORRES | D55: 13 | E55: MAYO | F55: 2023 | G55: SANTIAGO ARMENTA IBANEZ | H55: AMANDA TORRES BARRERAS | I55: GISELA GUADALUPE ARMENTA TORRES | J55: PBRO. GERARDO CAMACHO PONCE
A56: 24 | B56: 46 | C56: MAIRIM GUADALUPE CASTRO CELAYA | D56: 13 | E56: MAYO | F56: 2023 | G56: OSCAR E. CASTRO SANTANEÑO | H56: MIRIAM GUADALUPE CELAYA ESTRELLA | I56: MIGUEL CELAYA ESTRELLA Y RAMONA GUADALUPE CASTRO SANTANEÑO | J56: PBRO. GERARDO CAMACHO PONCE
A57: 25 | B57: 47 | C57: ASHLEY DAYANA MOLINA SOTO | D57: 13 | E57: MAYO | F57: 2023 | G57: CARLOS JAVIER MOLINA HERMOSILLO | H57: CLAUDIA JUDITH SOTO PASILLAS | I57: MILIAN ALEJANDRO CARRERAS NAVARRO Y MARIA JOSE VEGA HERMOSILLO | J57: PBRO. GERARDO CAMACHO PONCE
A58: 26 | B58: 48 | C58: ALEX SANTIAGO PAYAN VILLEGAS | D58: 13 | E58: MAYO | F58: 2023 | G58: JESUS RUFINO PAYAN BANDA | H58: ELIZABETH VILLEGAS FLORES | I58: JORGE ALBERTO LEON HERMOSILLO Y SILVIA YADIRA RAMIREZ FLORES | J58: PBRO. GERARDO CAMACHO PONCE
A59: 27 | B59: 49 | C59: CAMILA ESMERALDA VALENZUELA GRIJALVA | D59: 13 | E59: MAYO | F59: 2023 | H59: BRIANDA YADIRA VALENZUELA GRIJALVA | I59: ERIKA LIZBETH VALENZUELA GRIJALVA | J59: PBRO. GERARDO CAMACHO PONCE
A60: 28 | B60: 50 | C60: ROSARIO GUADALUPE HIGUERA ACUÑA | D60: 13 | E60: MAYO | F60: 2023 | G60: ADAN MANUEL HIGUERA MONTOYA | H60: MARIA TERESA ACUÑA SOLIS | I60: DANA PAOLA HIGUERA ACUÑA | J60: PBRO. GERARDO CAMACHO PONCE
A61: 29 | B61: 51 | C61: ANGELIQUE PAOLET AGUILAR ORTIZ | D61: 13 | E61: MAYO | F61: 2023 | G61: GUSTAVO AGUILAR SANTACRUZ | H61: GLADYS JANETH ORTIZ LEON | I61: JOANA GUADALUPE ORTIZ LEON Y JULIO CESAR ARRIQUIVEZ ESQUER | J61: PBRO. GERARDO CAMACHO PONCE
C63: NSPAZ - ROCIO MIRANDA Y MARCIA IVONNE - 3 DE JUNIO | J63: PBRO. GERARDO CAMACHO PONCE
C64: NIÑO(A) | D64: DIA | E64: MES | F64: AÑO | G64: PAPA | H64: MAMA | I64: MADRINA O PADRINO | J64: PÁRROCO
A65: 1 | B65: 52 | C65: ANA CECILIA ACOSTA GOMEZ | D65: 3 | E65: JUNIO | F65: 2023 | G65: JUAN IGNACIO ACOSTA DEL ANGEL | H65: CARMEN CECILIA GOMEZ FELIX | I65: MA. CARMEN FELIX PABLO | J65: PBRO. GERARDO CAMACHO PONCE
A66: 2 | B66: 53 | C66: ANGEL ARAAM PALAFOX HERNANDEZ | D66: 3 | E66: JUNIO | F66: 2023 | G66: ARAAM JESEE PALAFOX COLORES | H66: REYNA MARIA HERNANDEZ VALLES | I66: ALMA ELIZABETH HERNANDEZ VALLES | J66: PBRO. GERARDO CAMACHO PONCE
A67: 3 | B67: 54 | C67: ANTONIO CONTRERAS HUITRON | D67: 3 | E67: JUNIO | F67: 2023 | G67: ANTONIO CONTRERAS CAÑEZ | H67: ALEJANDRA HUITRON ROBLES | I67: YOLANDA IRENE CONTRERAS CAÑEZ | J67: PBRO. GERARDO CAMACHO PONCE
A68: 4 | B68: 55 | C68: CARLOS ALBERTO MENDOZA ZEPEDA | D68: 3 | E68: JUNIO | F68: 2023 | G68: SERGIO ORLANDO MENDOZA | H68: REYNA GUADALUPE ZEPEDA TRUJILLO | I68: CESAR JAVIER MENDOZA | J68: PBRO. GERARDO CAMACHO PONCE
A69: 5 | B69: 56 | C69: CARLOS DANIEL CARRION ZEPEDA | D69: 3 | E69: JUNIO | F69: 2023 | G69: CARLOS ALBERTO CARRION TRACONIS | H69: MARCIA IVONE ZEPEDA PERALTA | I69: GABRIEL ANTONIO ZEPEDA MIRAMONTES Y PASTORA PATRICIA PERALTA ESCALANTE | J69: PBRO. GERARDO CAMACHO PONCE
A70: 6 | B70: 57 | C70: DANIELA GUADALUPE RODRIGUEZ MORALES | D70: 3 | E70: JUNIO | F70: 2023 | G70: DANIEL ALONSO RODRIGUEZ COTA | H70: ROSARIO GUADALUPE MORALES ANGUAMEA | I70: CARMEN VIVIANA RODRIGUEZ COTA | J70: PBRO. GERARDO CAMACHO PONCE
A71: 7 | B71: 58 | C71: DIEGO ARVIZU GIMENO | D71: 3 | E71: JUNIO | F71: 2023 | G71: RICARDO ARVIZU CASTILLO | H71: CAROLINA DEL CARMEN GIMENO NAJERA | I71: LORENA NAVARRO CORONADO | J71: PBRO. GERARDO CAMACHO PONCE
A72: 8 | B72: 59 | C72: EFRAIN IVAN ESTRADA MARTINEZ | D72: 3 | E72: JUNIO | F72: 2023 | G72: EFRAIN IVAN ESTRADA SAENZ | H72: CYNTHIA CAROLINA MARTINEZ SANTOYO | I72: VICTOR MIGUEL SANTOYO LARA | J72: PBRO. GERARDO CAMACHO PONCE
A73: 9 | B73: 60 | C73: EMMA OZUA AMAYA | D73: 3 | E73: JUNIO | F73: 2023 | G73: RAMON FRANCISCO OZUA RIVERA | H73: EDNA GUADALUPE AMAYA FIGUEROA | I73: CLAUDIA ERIKA GARCIA RUIZ | J73: PBRO. GERARDO CAMACHO PONCE
A74: 10 | B74: 61 | C74: ERICK DE JESUS ARMENTA SALAS | D74: 3 | E74: JUNIO | F74: 2023 | G74: ERICK GUADALUPE ARMENTA CORRAL | H74: CRISTEL KARINA SALAS ALVAREZ | I74: JESUS ENRIQUE OCHOA AVILA Y CAROLINA ALCANTAR ROJAS | J74: PBRO. GERARDO CAMACHO PONCE
A75: 11 | B75: 62 | C75: ESLY LOPEZ ARAUJO | D75: 3 | E75: JUNIO | F75: 2023 | G75: ALAN LOPEZ AGUIRRE | H75: LILLIAN AMPARO ARAUJO DORAME | I75: BERENICE JANETT ALATORRE GASTELUM | J75: PBRO. GERARDO CAMACHO PONCE
A76: 12 | B76: 63 | C76: FRANCISCO MARTIN HERNANDEZ NEVAREZ | D76: 3 | E76: JUNIO | F76: 2023 | G76: FRANCISCO MARTIN HERNANDEZ LOPEZ | H76: ERIKA DENISSE NEVAREZ LLAMAS | I76: FRANCISCO MARTIN HERNANDEZ LOPEZ | J76: PBRO. GERARDO CAMACHO PONCE
... A91: 27 | B91: 78 | C91: SYLVIA MARIA PEREZ PALAFOX | D91: 3 | E91: JUNIO | F91: 2023 | G91: MIGUEL PEREZ RENDON | H91: SYLVIA GUADALUPE PALAFOX ARVALLO | I91: MARTHA ELENA PALAFOX ARVAYO | J91: PBRO. GERARDO CAMACHO PONCE
J92: PBRO. GERARDO CAMACHO PONCE
C93: NSPAZ - MARTHA MIRANDA - 2 DE JUNIO | J93: PBRO. GERARDO CAMACHO PONCE
C94: NIÑO(A) | D94: DIA | E94: MES | F94: AÑO | G94: PAPA | H94: MAMA | I94: MADRINA O PADRINO | J94: PÁRROCO
A95: 1 | B95: 79 | C95: ALEXANDRA ROSAS SOTO | D95: 2 | E95: JUNIO | F95: 2023 | G95: JUAN FRANCISCO ROSAS CORBALA | H95: MARIA CONCEPCION SOTO TAPIA | I95: CLAUDIA MARIA MONGE RAMIREZ | J95: PBRO. GERARDO CAMACHO PONCE
A96: 2 | B96: 80 | C96: ANA PAULA MONTIJO QUIJADA | D96: 2 | E96: JUNIO | F96: 2023 | G96: CARLOS FRANCISCO MONTIJO RENDON | H96: DENIA BETHSABE QUIJADA MADA | I96: DOLORES CAROLINA MONTIJO RENDON | J96: PBRO. GERARDO CAMACHO PONCE
A97: 3 | B97: 81 | C97: ANA VICTORIA VALENCIA MARTINEZ | D97: 2 | E97: JUNIO | F97: 2023 | G97: JOSE ALFONSO VALENCIA DELGADO | H97: ANA PATRICIA MARTINEZ VAZQUEZ | I97: ANDREA MARTINEZ VASQUEZ | J97: PBRO. GERARDO CAMACHO PONCE
A98: 4 | B98: 82 | C98: ANNA VICTORIA MATUZ SALAZAR | D98: 2 | E98: JUNIO | F98: 2023 | G98: RAFAEL TADEO MATUZ ESPINOZA | H98: ANALILIAN SALAZAR CASTELEIRO | I98: LILIAN MATUZ ESPINOZA | J98: PBRO. GERARDO CAMACHO PONCE
A99: 5 | B99: 83 | C99: ESTEFANIA PAREDES LOPEZ | D99: 2 | E99: JUNIO | F99: 2023 | G99: FRANCISCO ADAN PAREDES HARO | H99: ROSANGELA LOPEZ CASTRO | I99: ANA LAURA LOPEZ CASTRO | J99: PBRO. GERARDO CAMACHO PONCE
A100: 6 | B100: 84 | C100: LUIS FERNANDO ESCOBAR VERDUGO | D100: 2 | E100: JUNIO | F100: 2023 | G100: LUIS ENRIQUE ESCOBAR MOLINA | H100: ANA MARIA VERDUGO MARTINEZ | I100: CESAR HUMBERTO VERDUGO MARTINEZ Y GUILLERMO VERDUGO MARTINEZ | J100: PBRO. GERARDO CAMACHO PONCE
A101: 7 | B101: 85 | C101: MATEO FERNANDO ORTEZ RODRIGUEZ | D101: 2 | E101: JUNIO | F101: 2023 | G101: MANUEL RODRIGUEZ LOPEZ | H101: MARIA FERNANDA ORTEZ RODRIGUEZ | I101: NORMA ALICIA LOPEZ CERVANTES | J101: PBRO. GERARDO CAMACHO PONCE
A102: 8 | B102: 86 | C102: NAOMI IVETH FLORES BUSTAMANTE | D102: 2 | E102: JUNIO | F102: 2023 | G102: FELIPE DE JESUS FLORES ALCANTAR | H102: ROCIO IVETH BUSTAMANTE AGUIRRE | I102: JIMENA ELIZABETH FLORES ALCANTAR | J102: PBRO. GERARDO CAMACHO PONCE
A103: 9 | B103: 87 | C103: SANTIAGO ANTONIO RODRIGUEZ MEDRANO | D103: 2 | E103: JUNIO | F103: 2023 | G103: LUIS ANTONIO RODRIGUEZ | H103: HILDA BERENICE MEDRANO RANGEL | I103: MARIELA CASILLAS BARBA Y ALAN LARES GARCIA | J103: PBRO. GERARDO CAMACHO PONCE
A104: 10 | B104: 88 | C104: SOFIA EMILEM GRIJALVA YBARRA | D104: 2 | E104: JUNIO | F104: 2023 | G104: ERICK JAZZIEL GRIJALVA GUZMAN | H104: FRANCISCA DELFINA YBARRA CARREON | I104: ROGELIO VILLA GARCIA Y LOREVA DANIELA GRIJALVA GUZMAN | J104: PBRO. GERARDO CAMACHO PONCE
A105: 11 | B105: 89 | C105: REGINA IVETH FLORES BUSTAMANTE | D105: 2 | E105: JUNIO | F105: 2023 | G105: FELIPE DE JESUS FLORES ALCANTAR | H105: ROCIO IVETH BUSTAMANTE AGUIRRE | I105: ADRIANA SANCHEZ MULLER | J105: PBRO. GERARDO CAMACHO PONCE
J106: PBRO. GERARDO CAMACHO PONCE
C107: NSPAZ - VANESSA PATRICIA BLANCARTE - 10 DE JUNIO | J107: PBRO. GERARDO CAMACHO PONCE
C108: NIÑO(A) | D108: DIA | E108: MES | F108: AÑO | G108: PAPA | H108: MAMA | I108: MADRINA O PADRINO | J108: PÁRROCO
A109: 1 | B109: 90 | C109: ANA ROMINA DURAN RAMOS | D109: 10 | E109: JUNIO | F109: 2023 | G109: RIGOBERTO DURAN GARCIA | H109: MARTHA LETICIA RAMOS BARRERAS | I109: RAMONA DURAN GARCIA | J109: PBRO. GERARDO CAMACHO PONCE
A110: 2 | B110: 91 | C110: ANDREE DANIEL GARCIA MORAN | D110: 10 | E110: JUNIO | F110: 2023 | G110: HECTOR OMAR GARCIA OCHOA | H110: CLAUDIA DOLORES MORAN ACOSTA | I110: LUIS ELVIS ALAN RAMIREZ BUERAS SARA DALILA MORAN ACOSTA | J110: PBRO. GERARDO CAMACHO PONCE
A111: 3 | B111: 92 | C111: ARELY ISABELLA FERNANDEZ WONG | D111: 10 | E111: JUNIO | F111: 2023 | G111: HUMBERTO FERNANDEZ OLOÑO | H111: AMPARO WONG MOLINA | I111: ALBERTO EUGENIO TORRES MOLINA Y LIZETH FERNANDEZ OLOÑO | J111: PBRO. GERARDO CAMACHO PONCE
A112: 4 | B112: 93 | C112: AYRAM SHARIAR ZAZUETA RAMIREZ | D112: 10 | E112: JUNIO | F112: 2023 | G112: RAMON SHARIAR ZAZUETA MAYTORENA | H112: ARIANNE RAMIREZ JIMENEZ | I112: ROBERTO RODRIGUEZ HOYOS | J112: PBRO. GERARDO CAMACHO PONCE
A113: 5 | B113: 94 | C113: CAROLINA ACOSTA FRAGOSO | D113: 10 | E113: JUNIO | F113: 2023 | G113: RAUL HORACIO ACOSTA FELIX | H113: ANA LAURA FRAGOSO CARRILLO | I113: ROXANA FRAGOSO CARRILLO | J113: PBRO. GERARDO CAMACHO PONCE
A114: 6 | B114: 95 | C114: DAMIAN HUMBERTO FERNANDEZ WONG | D114: 10 | E114: JUNIO | F114: 2023 | G114: HUMBERTO FERNANDEZ OLOÑO | H114: AMPARO WONG MOLINA | I114: BENJAMIN QUINTERO DELGADO E IVETH ALEJANDRA FERNANDEZ OLOÑO | J114: PBRO. GERARDO CAMACHO PONCE
A115: 7 | B115: 96 | C115: DANIEL ARNOLDO CORONADO SABAG | D115: 10 | E115: JUNIO | F115: 2023 | G115: DANIEL ARNOLDO CORONADO WONG | H115: NAYELI SABAG ACOSTA | I115: HUMBERTO ROGELIO HECHEVERRIA CONTRERAS Y SARAHI GUZMAN SABAG | J115: PBRO. GERARDO CAMACHO PONCE
A116: 8 | B116: 97 | C116: DANIEL LEONARDO RAMIREZ DESSENS | D116: 10 | E116: JUNIO | F116: 2023 | G116: FRANCISCO HIRAM RAMIREZ ARGUMEDO | H116: MILAGROS DE LOURDES DESSENS LEON | I116: JULIO CESAR CHAVEZ CORONADO | J116: PBRO. GERARDO CAMACHO PONCE
A117: 9 | B117: 98 | C117: DANIELA RUIZ MALDONADO | D117: 10 | E117: JUNIO | F117: 2023 | G117: JULIAN DE JESUS RUIZ ESQUER | H117: DENISSE YOHANA MALDONADO ESPINOZA | I117: DIANA MARITZA CORTINA IRIBE | J117: PBRO. GERARDO CAMACHO PONCE
A118: 10 | B118: 99 | C118: HIRAM SANTIAGO RAMIREZ DESSENS | D118: 10 | E118: JUNIO | F118: 2023 | G118: FRANCISCO HIRAM RAMIREZ ARGUMEDO | H118: MILAGROS DE LOURDES DESSENS LEON | I118: ERICK MARTINEZ FLORES | J118: PBRO. GERARDO CAMACHO PONCE
A119: 11 | B119: 100 | C119: IAN ZUREN LUGO TORRES | D119: 10 | E119: JUNIO | F119: 2023 | G119: OMAR AARON LUGO VACA | H119: JUDITH TORRES SERRANO | I119: JUDITH VIRGINIA SERRANO RIVERA | J119: PBRO. GERARDO CAMACHO PONCE
A120: 12 | B120: 101 | C120: IKER URIEL LUGO TORRES | D120: 10 | E120: JUNIO | F120: 2023 | G120: OMAR AARON LUGO VACA | H120: JUDITH TORRES SERRANO | I120: GEMA MERIT TORRES SERRANO | J120: PBRO. GERARDO CAMACHO PONCE
... A125: 17 | B125: 106 | C125: JUAN CARLOS SOMBRA CASTAÑEDA | D125: 10 | E125: JUNIO | F125: 2023 | G125: GILBERTO SOMBRA LOUSTAUNAU | H125: GRISELDA CASTAÑEDA VAZQUEZ | I125: TANIA SILVA LOPEZ | J125: PBRO. GERARDO CAMACHO PONCE
A126: 18 | B126: 107 | C126: JULIO EMILIANO ALCARAZ QUIHUIS | D126: 10 | E126: JUNIO | F126: 2023 | H126: FRANCISCA ARACELY ALCARAZ QUIHUIS | I126: JULIO ERNESTO ALCARAZ QUIHUIS | J126: PBRO. GERARDO CAMACHO PONCE
A127: 19 | B127: 108 | C127: MARIA AGUIÑAGA GARMENDIA | D127: 10 | E127: JUNIO | F127: 2023 | G127: MANUEL AGUIÑAGA BARRAGAN | H127: RUTH MARCELA GARMENDIA RUBIO | I127: JAIME ANIBAL LA MADRID SANTIBAÑEZ Y PAOLA CLEMENCIA PEÑA CAVERO | J127: PBRO. GERARDO CAMACHO PONCE
A128: 20 | B128: 109 | C128: MARIA IVANNA TERAN MARIN | D128: 10 | E128: JUNIO | F128: 2023 | G128: ZAID ADRIAN TERAN RIVERA | H128: MELISSA GUADALUPE MARIN GUERRA | I128: SILVIA ITZEL PARRA TERAN | J128: PBRO. GERARDO CAMACHO PONCE
A129: 21 | B129: 110 | C129: MARIO ALEJANDRO HERNANDEZ LUNA | D129: 10 | E129: JUNIO | F129: 2023 | G129: MARIO ALEJANDRO HERNANDEZ MENCHACA | H129: LETICIA MARIA LUNA MARTINEZ | I129: MARIO HERIBERTO HERNANDEZ MENCHACA | J129: PBRO. GERARDO CAMACHO PONCE
A130: 22 | B130: 111 | C130: MERIT IVANA HURTADO TORRES | D130: 10 | E130: JUNIO | F130: 2023 | G130: MAURICIO IVAN HURTADO AMARILLAS | H130: GEMA MERIT TORRES SERRANO | I130: JUDITH TORRES SERRANO | J130: PBRO. GERARDO CAMACHO PONCE
A131: 23 | B131: 112 | C131: MIGUEL EMILIANO HERNANDEZ LOPEZ | D131: 10 | E131: JUNIO | F131: 2023 | G131: MIGUEL FRANCISCO HERNANDEZ MARTINEZ | H131: IVON CRISTINA LOPEZ DELGADILLO | I131: ROMAN ANWAR HERNANDEZ MARTINEZ | J131: PBRO. GERARDO CAMACHO PONCE
A132: 24 | B132: 113 | C132: ROBERTO ROMERO FLORES | D132: 10 | E132: JUNIO | F132: 2023 | G132: ROBERTO ROMERO HOLGUIN | H132: CORAZON DE MARIA FLORES SANCHEZ | I132: FRANCISCO IVAN CRUZ SANCHEZ | J132: PBRO. GERARDO CAMACHO PONCE
...

Sheet IMPRESION-COMUNION
A1: 576
C6: =LOOKUP($A$1,'1ra.COMUNION'!$B$5:C3010) -> MIRANDA SAYURI ARCE LOPEZ
D8: =IF(LOOKUP($A$1,'1ra.COMUNION'!$B$5:D3010)=0," ",LOOKUP($A$1,'1ra.COMUNION'!$B$5:G3010)) -> JORGE ROGELIO ARCE DE LA ROSA | I8: =IF(LOOKUP($A$1,'1ra.COMUNION'!$B$5:H3010)=0," ",LOOKUP($A$1,'1ra.COMUNION'!$B$5:H3010)) -> SAYURI GABRIELA LOPEZ DURAN
G9: =LOOKUP(A1,'1ra.COMUNION'!B5:D3010) -> 30 | I9: =LOOKUP(A1,'1ra.COMUNION'!B5:E3010) -> MAYO | M9: =LOOKUP(A1,'1ra.COMUNION'!B5:F3010) -> 2026
C12: =LOOKUP($A$1,'1ra.COMUNION'!$B$5:I3010) -> ANGELA PADILLA VIRGEN
I14: =LOOKUP($A$1,'1ra.COMUNION'!$B$5:J3010) -> PBRO. GERARDO CAMACHO PONCE
C20: NOTA: SOLO TECLEAR EN LA COLUMAN A1 EL NUMERO CORRESPONDA EN LA HOJA 1ra.COMUNION

Sheet CONFIRMACION
B3: CERTIFICADO DE CONFIRMACION 2023
B4: CEDE PARROQUIA NSPAZ
B5: NTRA SRA DE LA PAZ - MARIBEL RODRIGUEZ
B6: NIÑA O NIÑO | C6: DIA | D6: MES | E6: AÑO | F6: PAPA | G6: MAMA | H6: MADRINA O PADRINO | I6: ARZOBISPO | J6: PARROCO | K6: LIBRO | L6: PAGINA | M6: PARTIDA
A7: 1 | B7: ALEXA URIAS HARO | C7: 21 | D7: JUNIO | E7: 2023 | F7: JOSE ALBERTO URIAS ESTRELLA | G7: LUZ AURORA HARO PESQUEIRA | H7: MARIA MARCELA ESTRELLA RAMIREZ | I7: RUY RENDON LEAL | J7: GERARDO CAMACHO PONCE | K7: 3 | L7: 9 | M7: 18
A8: 2 | B8: ANGEL IRAM QUIHUIS RODRIGUEZ | C8: 21 | D8: JUNIO | E8: 2023 | F8: HERIBERTO QUIHUIS CHAIREZ | G8: MARIA DOLORES RODRIGUEZ GOLDEN | H8: SANDRA LUZ SOTO | I8: RUY RENDON LEAL | J8: GERARDO CAMACHO PONCE | K8: 3 | L8: 10 | M8: 19
A9: 3 | B9: DANNA PAULA SALAS NAVARRO | C9: 21 | D9: JUNIO | E9: 2023 | F9: JOSE LUIS SALAS PONCE | G9: ELOINA NAVARRO AVILA | H9: SANDRA LUZ NAVARRO AVILA | I9: RUY RENDON LEAL | J9: GERARDO CAMACHO PONCE | K9: 3 | L9: 10 | M9: 20
A10: 4 | B10: DIEGO BOTELLO MENDEZ | C10: 21 | D10: JUNIO | E10: 2023 | F10: MIGUEL BOTELLO ARAUJO | G10: MARCELA MENDEZ BALDERRAMA | H10: NOEL ALEJANDRO SANCHEZ ESTRADA | I10: RUY RENDON LEAL | J10: GERARDO CAMACHO PONCE | K10: 3 | L10: 11 | M10: 21
A11: 5 | B11: FERNANDO ARTURO LOPEZ MONTAÑO | C11: 21 | D11: JUNIO | E11: 2023 | F11: LUIS FERNANDO LOPEZ PEÑA | G11: SONIA MONTAÑO DAVILA | H11: LUIS ENRIQUE VERDUGO TOLEDO | I11: RUY RENDON LEAL | J11: GERARDO CAMACHO PONCE | K11: 3 | L11: 11 | M11: 22
A12: 6 | B12: GABRIEL ALEJANDRO LOPEZ GARCIA | C12: 21 | D12: JUNIO | E12: 2023 | F12: GABRIEL RENE LOPEZ GAXIOLA | G12: IRLANDA FRANCIS GARCIA GAMEZ | H12: MARIA FERNANDA LOPEZ GAMEZ | I12: RUY RENDON LEAL | J12: GERARDO CAMACHO PONCE | K12: 3 | L12: 12 | M12: 23
A13: 7 | B13: JOSE ARMANDO ESPINOZA QUEZADA | C13: 21 | D13: JUNIO | E13: 2023 | F13: JOEL ARMANDO ESPINOZA FLORES | G13: ASTRID SELENE QUEZADA ENCINAS | H13: JOSE JAIME QUEZADA ARROYO | I13: RUY RENDON LEAL | J13: GERARDO CAMACHO PONCE | K13: 3 | L13: 12 | M13: 24
A14: 8 | B14: JOSE EDUARDO LOPEZ BADILLA | C14: 21 | D14: JUNIO | E14: 2023 | F14: MANUEL DE JESUS LOPEZ ONTIVEROS | G14: MARIA LUISA BADILLA MALDONADO | H14: JOSE PABLO MARQUEZ BUSTAMANTE | I14: RUY RENDON LEAL | J14: GERARDO CAMACHO PONCE | K14: 3 | L14: 13 | M14: 25
A15: 9 | B15: JUAN MANUEL BETANCOURT JR. | C15: 21 | D15: JUNIO | E15: 2023 | F15: JUAN MANUEL BETANCOURT RODRIGUEZ | G15: SUJEY ROJAS SILVA | H15: MARIA GUADALUPE SILVA PLAZA | I15: RUY RENDON LEAL | J15: GERARDO CAMACHO PONCE | K15: 3 | L15: 13 | M15: 26
A16: 10 | B16: KAROL JANETH MADRID HUERTA | C16: 21 | D16: JUNIO | E16: 2023 | F16: MANUEL JUVENTINO MADRID GARCIA | G16: IRMA JEANNETTE HUERTA ROMO | H16: RAFAELA BERENICE MADRID GARCIA | I16: RUY RENDON LEAL | J16: GERARDO CAMACHO PONCE | K16: 3 | L16: 14 | M16: 27
A17: 11 | B17: LUIS EMILIO RUIZ CORTEZ | C17: 21 | D17: JUNIO | E17: 2023 | F17: LUIS ALBERTO RUIZ CORONADO | G17: AIDA REFUGIO CORTEZ DURAN | H17: MARIO ALBERTO RUIZ CORTEZ | I17: RUY RENDON LEAL | J17: GERARDO CAMACHO PONCE | K17: 3 | L17: 14 | M17: 28
A18: 12 | B18: NOEL ALEJANDRO SANCHEZ PAEZ | C18: 21 | D18: JUNIO | E18: 2023 | F18: NOEL ALEJANDRO SANCHEZ ESTRADA | G18: AMINA GEORGETTE PAEZ | H18: JORGE ARTURO ESTRADA | I18: RUY RENDON LEAL | J18: GERARDO CAMACHO PONCE | K18: 3 | L18: 15 | M18: 29
... A22: 16 | B22: XIMENA RODRIGUEZ ROSAS | C22: 21 | D22: JUNIO | E22: 2023 | F22: LUIS GONZAGA RODRIGUEZ MORENO | G22: ERIKA JANETH ROSAS ENCISO | H22: ARNOLD IVANISSE GOMEZ CRUZ | I22: RUY RENDON LEAL | J22: GERARDO CAMACHO PONCE | K22: 3 | L22: 17 | M22: 33
B25: NTRA SRA DE LA PAZ - MAIRA AURORA
B26: NIÑA O NIÑO | C26: DIA | D26: MES | E26: AÑO | F26: PAPA | G26: MAMA | H26: MADRINA O PADRINO | I26: ARZOBISPO | J26: PARROCO | K26: LIBRO | L26: PAGINA | M26: PARTIDA
A27: 17 | B27: ANA SOFIA GAMEZ BOJORQUEZ | C27: 21 | D27: JUNIO | E27: 2023 | F27: JESUS ARMANDO GAMEZ CELAYA | G27: DULCE MARIA BOJORQUEZ CHAVEZ | H27: MIRIAM GUADALUPE BOJORQUEZ CHAVEZ | I27: RUY RENDON LEAL | J27: GERARDO CAMACHO PONCE | K27: 3 | L27: 17 | M27: 34
A28: 18 | B28: ANETTE ANDALON INZUNZA | C28: 21 | D28: JUNIO | E28: 2023 | F28: JORGE LUIS ANDALON MARTINEZ | G28: FLORIZEL INZUNZA TISNADO | H28: LILIANA ANDALON MARTINEZ | I28: RUY RENDON LEAL | J28: GERARDO CAMACHO PONCE | K28: 3 | L28: 18 | M28: 35
A29: 19 | B29: AXEL ALEJANDRO DE ESESARTE BOJORQUEZ | C29: 21 | D29: JUNIO | E29: 2023 | F29: ALEJANDRO DE ESESARTE NAVARRO | G29: KARLA MARIELA BOJORQUEZ LOPEZ | H29: CLAUDIA TRUJILLO LEYVA | I29: RUY RENDON LEAL | J29: GERARDO CAMACHO PONCE | K29: 3 | L29: 18 | M29: 36
A30: 20 | B30: CARLOS ALEJANDRO SANDOVAL MARTINEZ | C30: 21 | D30: JUNIO | E30: 2023 | F30: CARLOS MANUEL SANDOVAL VILLA | G30: MARIBEL MARTINEZ LEON | H30: LUCIA GUADALUPE MARES GUTIERREZ Y JESUS ERNESTO COTA MONTAÑO | I30: RUY RENDON LEAL | J30: GERARDO CAMACHO PONCE | K30: 3 | L30: 19 | M30: 37
A31: 21 | B31: DANNA VALERIA CORDOVA ROCHA | C31: 21 | D31: JUNIO | E31: 2023 | F31: JUAN ANTONIO CORDOVA FELIX | G31: ALMA TERESITA ROCHA QUINTANAR | H31: JUDITH LORENIA CORDOVA FELIX | I31: RUY RENDON LEAL | J31: GERARDO CAMACHO PONCE | K31: 3 | L31: 19 | M31: 38
A32: 22 | B32: ESTEBAN ROMANDIA ESCOBAR | C32: 21 | D32: JUNIO | E32: 2023 | F32: JULIAN ESTEBAN ROMANDIA PADILLA | G32: CRISTINA MARGARITA ESCOBAR MADRID | H32: JULIAN ESTEBAN ROMANDIA PADILLA Y CRISTINA MARGARITA ESCOBAR MADRID | I32: RUY RENDON LEAL | J32: GERARDO CAMACHO PONCE | K32: 3 | L32: 20 | M32: 39
A33: 23 | B33: IVAN ALEXYS IBARRA LUNA | C33: 21 | D33: JUNIO | E33: 2023 | F33: IVAN ELLIOT IBARRA ORTEGA | G33: BERENICE LUNA HERNANDEZ | H33: RAMON ALAN IBARRA ORTEGA | I33: RUY RENDON LEAL | J33: GERARDO CAMACHO PONCE | K33: 3 | L33: 20 | M33: 40
A34: 24 | B34: JOSE ALEJANDRO HURTADO RODRIGUEZ | C34: 21 | D34: JUNIO | E34: 2023 | F34: FRANCISCO JAVIER HURTADO LEY | G34: DOLORES RODRIGUEZ MUÑOZ | H34: JOSE MANUEL ALVAREZ FLORES | I34: RUY RENDON LEAL | J34: GERARDO CAMACHO PONCE | K34: 3 | L34: 21 | M34: 41
A35: 25 | B35: JOSE FRANCISCO BUELNA GODOY | C35: 21 | D35: JUNIO | E35: 2023 | F35: FRANCISCO BUELNA ACOSTA | G35: JESSICA GODOY CERVANTES | H35: JESUS ANTONIO ACOSTA MURILLO | I35: RUY RENDON LEAL | J35: GERARDO CAMACHO PONCE | K35: 3 | L35: 21 | M35: 42
A36: 26 | B36: KASSANDRA MURILLO MONTAÑO | C36: 21 | D36: JUNIO | E36: 2023 | F36: HERIBERTO MURILLO MARTINEZ | G36: KARLA PATRICIA MONTAÑO FIGUEROA | H36: CRISTINA MURILLO MARTINEZ | I36: RUY RENDON LEAL | J36: GERARDO CAMACHO PONCE | K36: 3 | L36: 22 | M36: 43
A37: 27 | B37: LOAN JAVIER ACOSTA VEGA | C37: 21 | D37: JUNIO | E37: 2023 | F37: FRANCISCO JAVIER ACOSTA MEJIA | G37: ABIGAHIL VEGA GUERRERO | H37: MANUEL DE JASUS MONTAÑO IBARRA | I37: RUY RENDON LEAL | J37: GERARDO CAMACHO PONCE | K37: 3 | L37: 22 | M37: 44
A38: 28 | B38: MARIAN LOPEZ ROSAS | C38: 21 | D38: JUNIO | E38: 2023 | F38: HUMBERTO LOPEZ ESQUIVEL | G38: VERONICA ROSAS SIERRA | H38: LUIS ALFONSO ROSAS SIERRA | I38: RUY RENDON LEAL | J38: GERARDO CAMACHO PONCE | K38: 3 | L38: 23 | M38: 45
... A41: 31 | B41: SANDRO MIGUEL JIMENEZ MORENO | C41: 21 | D41: JUNIO | E41: 2023 | F41: ROBERTO BENITO JIMENEZ CRUZ | G41: VERONICA LIBRADA MORENO ESCAMILLA | H41: ANA LUCIA DAVILA ZAVALA | I41: RUY RENDON LEAL | J41: GERARDO CAMACHO PONCE | K41: 3 | L41: 24 | M41: 48
B43: NTRA SRA DE LA PAZ - SAMUEL
B44: NIÑA O NIÑO | C44: DIA | D44: MES | E44: AÑO | F44: PAPA | G44: MAMA | H44: MADRINA O PADRINO | I44: ARZOBISPO | J44: PARROCO | K44: LIBRO | L44: PAGINA | M44: PARTIDA
A45: 32 | B45: ABIGAIL HERNANDEZ GASTELUM | C45: 21 | D45: JUNIO | E45: 2023 | F45: JHOVANY HERNANDEZ VERDUGO | G45: ANA ALICIA GASTELUM CONTRERAS | H45: CONSEPCION FELIX RIVERA | I45: RUY RENDON LEAL | J45: GERARDO CAMACHO PONCE | K45: 3 | L45: 25 | M45: 49
A46: 33 | B46: ANA VALERIA ACOSTA FRAGOSO | C46: 21 | D46: JUNIO | E46: 2023 | F46: RAUL HORACIO ACOSTA FELIX | G46: ANA LAURA FRAGOSO CARRILLO | H46: ISADORA FRAGOSO CARRILLO | I46: RUY RENDON LEAL | J46: GERARDO CAMACHO PONCE | K46: 3 | L46: 25 | M46: 50
A47: 34 | B47: CAMILA MENESES NEVAREZ | C47: 21 | D47: JUNIO | E47: 2023 | F47: RAFAEL MENESES OCEJO | G47: JULIETA NEVAREZ LLAMAS | H47: ERIKA DENISSE NEVAREZ LLAMAS | I47: RUY RENDON LEAL | J47: GERARDO CAMACHO PONCE | K47: 3 | L47: 26 | M47: 51
A48: 35 | B48: CARLOS IVAN MADRID AVITIA | C48: 21 | D48: JUNIO | E48: 2023 | F48: ERNESTO MADRID SALAZAR | G48: ROSA MARIA AVITIA NUÑEZ | H48: VERONICA SALAZAR DURAZO | I48: RUY RENDON LEAL | J48: GERARDO CAMACHO PONCE | K48: 3 | L48: 26 | M48: 52
A49: 36 | B49: DANNA OLMEDO RODRIGUEZ | C49: 21 | D49: JUNIO | E49: 2023 | F49: ABEL ANTONIO OLMEDO RUELAS | G49: ANALCIRA RODRIGUEZ FIGUEROA | H49: ANA LILIAN ALVAREZ LOPEZ | I49: RUY RENDON LEAL | J49: GERARDO CAMACHO PONCE | K49: 3 | L49: 27 | M49: 53
A50: 37 | B50: DEMIAN VILLAVICENCIO MOLINA | C50: 21 | D50: JUNIO | E50: 2023 | F50: SAUL VILLAVICENCIO GONZALEZ | G50: LORENA MOLINA YANEZ | H50: JESUS ENRIQUE AGUIRRE FELIX | I50: RUY RENDON LEAL | J50: GERARDO CAMACHO PONCE | K50: 3 | L50: 27 | M50: 54
A51: 38 | B51: ESTEBAN ALBERTO ALVAREZ FELIX | C51: 21 | D51: JUNIO | E51: 2023 | F51: LUCIO ALBERTO ALVAREZ FLORES | G51: GLENDA YADHIRA FELIX SALAZAR | H51: ROSA MARIA FELIX SALAZAR | I51: RUY RENDON LEAL | J51: GERARDO CAMACHO PONCE | K51: 3 | L51: 28 | M51: 55
A52: 39 | B52: GISELLE PATRICIA MEDINA AGUIRRE | C52: 21 | D52: JUNIO | E52: 2023 | F52: FELIX MEDINA ESPINOZA | G52: PATRICIA AGUIRRE CRUZ | H52: OLGA LIDIA GUERRERO SOLIS | I52: RUY RENDON LEAL | J52: GERARDO CAMACHO PONCE | K52: 3 | L52: 28 | M52: 56
A53: 40 | B53: INGRID MELISSA MUNGARAY LIZARRAGA | C53: 21 | D53: JUNIO | E53: 2023 | F53: JOSE FRANCISCO MUNGARAY ORTEGA | G53: MISIS PERLA LIZARRAGA JACOTT | H53: KARLA CECILIA ARELLANES TORRES | I53: RUY RENDON LEAL | J53: GERARDO CAMACHO PONCE | K53: 3 | L53: 29 | M53: 57
A54: 41 | B54: IVANNA RAYGOZA OJEDA | C54: 21 | D54: JUNIO | E54: 2023 | F54: JORGE MARCO RAYGOZA MENDOZA | G54: GABRIELA OJEDA LERMA | H54: ELIA IVETH OJEDA LERMA | I54: RUY RENDON LEAL | J54: GERARDO CAMACHO PONCE | K54: 3 | L54: 29 | M54: 58
A55: 42 | B55: JORGE EDUARDO GARCIA FELIX | C55: 21 | D55: JUNIO | E55: 2023 | F55: JORGE EDUARDO GARCIA SOTO | G55: PAULINA ALEJANDRA FELIX PRECIADO | H55: PEDRO IVAN ACUÑA ZEPEDA | I55: RUY RENDON LEAL | J55: GERARDO CAMACHO PONCE | K55: 3 | L55: 30 | M55: 59
A56: 43 | B56: KAROL AZUL CORONEL CERON | C56: 21 | D56: JUNIO | E56: 2023 | F56: JESUS MARIO CORONEL FALCON | G56: CARMEN JANETH CERON MORENO | H56: MACRINA LOPEZ SOTO | I56: RUY RENDON LEAL | J56: GERARDO CAMACHO PONCE | K56: 3 | L56: 30 | M56: 60
... A64: 51 | B64: SANTIAGO VALDEZ ARVIZU | C64: 21 | D64: JUNIO | E64: 2023 | F64: RODOLFO VALDEZ IBARRA | G64: CARMEN AIDA ARVIZU ROMERO | H64: MARTHA EDUVIGES ARVIZU ROMERO | I64: RUY RENDON LEAL | J64: GERARDO CAMACHO PONCE | K64: 3 | L64: 34 | M64: 68
A65: 52 | B65: SEBASTIAN VALDEZ RAMIREZ | C65: 21 | D65: JUNIO | E65: 2023 | G65: FLOR DE AZALIA VALDEZ RAMIREZ | H65: OCTAVIO VALDEZ RAMIREZ | I65: RUY RENDON LEAL | J65: GERARDO CAMACHO PONCE | K65: 3 | L65: 35 | M65: 69
A66: 53 | B66: VALENTINA BADILLA TRUJILLO | C66: 21 | D66: JUNIO | E66: 2023 | F66: ROBERTO BADILLA MORENO | G66: ROSA AMELIA TRUJILLO RASCON | H66: IMELDA SANCHEZ RASCON | I66: RUY RENDON LEAL | J66: GERARDO CAMACHO PONCE | K66: 3 | L66: 35 | M66: 70
A67: 54 | B67: FELIX ROMARIO MEDINA AGUIRRE | C67: 21 | D67: JUNIO | E67: 2023 | F67: FELIX MEDINA ESPINOZA | G67: PATRICIA AGUIRRE CRUZ | H67: JOSE LUIS ARMIENTA VALENZUELA | I67: RUY RENDON LEAL | J67: GERARDO CAMACHO PONCE | K67: 3 | L67: 36 | M67: 71
B69: SAN PIO - ICELA CALDERA
B70: NIÑA O NIÑO | C70: DIA | D70: MES | E70: AÑO | F70: PAPA | G70: MAMA | H70: MADRINA O PADRINO | I70: ARZOBISPO | J70: PARROCO | K70: LIBRO | L70: PAGINA | M70: PARTIDA
A71: 55 | B71: AXEL ALAN PAYAN VILLEGAS | C71: 21 | D71: JUNIO | E71: 2023 | F71: JESUS RUFINO PAYAN BANDA | G71: ELIZABETH VILLEGAS FLORES | H71: NORMA ALICIA BANDA JECARI | I71: RUY RENDON LEAL | J71: GERARDO CAMACHO PONCE | K71: 3 | L71: 36 | M71: 72
A72: 56 | B72: BRANDON ROGELIO GONZALEZ GARCIA | C72: 21 | D72: JUNIO | E72: 2023 | F72: ROGELIO GONZALEZ VILLANUEVA | G72: CLAUDIA VERENICE GARCIA LUNA | H72: ANGEL ELIAN VILLARREAL OSUNA | I72: RUY RENDON LEAL | J72: GERARDO CAMACHO PONCE | K72: 3 | L72: 37 | M72: 73
A73: 57 | B73: DANNIA GUADALUPE AGUIRRE LOPEZ | C73: 21 | D73: JUNIO | E73: 2023 | G73: VERONICA BEATRIZ AGUIRRE LOPEZ | H73: EDUWIGES PALAFOX AGUIRRE | I73: RUY RENDON LEAL | J73: GERARDO CAMACHO PONCE | K73: 3 | L73: 37 | M73: 74
A74: 58 | B74: DIANA LUCIA GARDUÑO GARFIAS | C74: 21 | D74: JUNIO | E74: 2023 | F74: JOSE LUIS GARDUÑO REYES | G74: MARIA GUADALUPE GARFIAS MEDINA | H74: ISMAEL GARDUÑO VACA | I74: RUY RENDON LEAL | J74: GERARDO CAMACHO PONCE | K74: 3 | L74: 38 | M74: 75
A75: 59 | B75: JESUS GUADALUPE BUSTAMANTE RAMOS | C75: 21 | D75: JUNIO | E75: 2023 | F75: JESUS GUADALUPE BUSTAMANTE DORADO | G75: CLAUDIA AVILENE RAMOS LUNA | H75: JEPSE AZUCENA BUSTAMANTE DORADO | I75: RUY RENDON LEAL | J75: GERARDO CAMACHO PONCE | K75: 3 | L75: 38 | M75: 76
A76: 60 | B76: JOSE ROBERTO GARDUÑO GARFIAS | C76: 21 | D76: JUNIO | E76: 2023 | F76: JOSE LUIS GARDUÑO REYES | G76: MARIA GUADALUPE GARFIAS MEDINA | H76: MARIA DOLORES GARDUÑO REYES | I76: RUY RENDON LEAL | J76: GERARDO CAMACHO PONCE | K76: 3 | L76: 39 | M76: 77
A77: 61 | B77: KARIME ALEJANDRA ALCARAZ CALDERA | C77: 21 | D77: JUNIO | E77: 2023 | F77: RENE AMADOR ALCARAZ CANIZALEZ | G77: RITHA ICELA CALDERA GODINA | H77: FRANCISCA YANETH GARCIA MEZA | I77: RUY RENDON LEAL | J77: GERARDO CAMACHO PONCE | K77: 3 | L77: 39 | M77: 78
A78: 62 | B78: LIZBETH ALEXA PAYAN VILLEGAS | C78: 21 | D78: JUNIO | E78: 2023 | F78: JESUS RUFINO PAYAN BANDA | G78: ELIZABETH VILLEGAS FLORES | H78: JESUS RUBIO OSORIO | I78: RUY RENDON LEAL | J78: GERARDO CAMACHO PONCE | K78: 3 | L78: 40 | M78: 79
A79: 63 | B79: MARIA VANESA MAYBOCA GOMEZ | C79: 21 | D79: JUNIO | E79: 2023 | F79: MARTIN RICARDO MAYBOCA M. | G79: MARIA ELSA GOMEZ FELIX | H79: NINFA GOMEZ FELIX | I79: RUY RENDON LEAL | J79: GERARDO CAMACHO PONCE | K79: 3 | L79: 40 | M79: 80
A80: 64 | B80: MIRIAM ESTRELLA GARDUÑO VACA | C80: 21 | D80: JUNIO | E80: 2023 | G80: OLIVIA GARDUÑO VACA | H80: MARIA DEL CARMEN REYES SANTANA | I80: RUY RENDON LEAL | J80: GERARDO CAMACHO PONCE | K80: 3 | L80: 41 | M80: 81
A81: 65 | B81: NAHOMI YANDERLI GONZALEZ GARCIA | C81: 21 | D81: JUNIO | E81: 2023 | F81: ROGELIO GONZALEZ VILLANUEVA | G81: CLAUDIA VERENICE GARCIA LUNA | H81: MIRIAM DENISS ANAYA ENRIQUEZ | I81: RUY RENDON LEAL | J81: GERARDO CAMACHO PONCE | K81: 3 | L81: 41 | M81: 82
B84: CERTIFICADO DE CONFIRMACION 2024
B85: CEDE PARROQUIA NSPAZ
B86: NTRA SRA DE LA PAZ - MAYRA MENDIVIL
B87: NIÑA O NIÑO | C87: DIA | D87: MES | E87: AÑO | F87: PAPA | G87: MAMA | H87: MADRINA O PADRINO | I87: ARZOBISPO | J87: PARROCO | K87: LIBRO | L87: PAGINA | M87: PARTIDA
A88: 66 | B88: ARIEL EDUARDO OCAMPO LAGUNA | C88: 19 | D88: JUNIO | E88: 2024 | F88: ARIEL OCAMPO VALENCIA | G88: BRENDA LORENA LAGUNA MORALES | H88: FABIAN MARTINEZ LEON | I88: PBRO. JAVIER DE JESUS GONZALEZ MENDOZA | J88: GERARDO CAMACHO PONCE | K88: 3 | L88: 42 | M88: 83
A89: 67 | B89: BERENICE GARCIA CALDERON | C89: 19 | D89: JUNIO | E89: 2024 | F89: EDUARDO GARCIA CHAVEZ | G89: REYNA BERENICE CALDERON GIL | H89: MARLENE GUADALUPE CALDERON GIL | I89: PBRO. JAVIER DE JESUS GONZALEZ MENDOZA | J89: GERARDO CAMACHO PONCE | K89: 3 | L89: 42 | M89: 84
A90: 68 | B90: BYRON EMILIANO MAYBOCA TARAZON | C90: 19 | D90: JUNIO | E90: 2024 | G90: DAYANE ALEXIA MAYBOCA TARAZON | H90: ROSARIO ANDUAGA COTA | I90: PBRO. JAVIER DE JESUS GONZALEZ MENDOZA | J90: GERARDO CAMACHO PONCE | K90: 3 | L90: 43 | M90: 85
A91: 69 | B91: CARLOS ANTONIO RODRIGUEZ FIMBRES | C91: 19 | D91: JUNIO | E91: 2024 | F91: SERGIO ANTONIO RODRIGUEZ ORTEGA | G91: KARLA CECILIA FIMBRES NUÑEZ | H91: MARCELA SUGHEY DELGADILLO GUILLEN | I91: PBRO. JAVIER DE JESUS GONZALEZ MENDOZA | J91: GERARDO CAMACHO PONCE | K91: 3 | L91: 43 | M91: 86
A92: 70 | B92: DANIELA KARELLY ENRIQUEZ MORENO | C92: 19 | D92: JUNIO | E92: 2024 | F92: CANDELARIO ENRIQUEZ LAGUNA | G92: LLUVIA RAFAELA MORENO MORENO | H92: BRISA GUADALUPE MORENO MORENO | I92: PBRO. JAVIER DE JESUS GONZALEZ MENDOZA | J92: GERARDO CAMACHO PONCE | K92: 3 | L92: 44 | M92: 87
A93: 71 | B93: DIANE SOFIA LOPEZ BADILLA | C93: 19 | D93: JUNIO | E93: 2024 | F93: MANUEL DE JESUS LOPEZ ONTIBVEROS | G93: MARIA LUISA BADILLA MALDONADO | H93: MARIA DELIA MALDONADO RAMIREZ | I93: PBRO. JAVIER DE JESUS GONZALEZ MENDOZA | J93: GERARDO CAMACHO PONCE | K93: 3 | L93: 44 | M93: 88
A94: 72 | B94: DIEGO ALEJANDRO ANGULO VERGARA | C94: 19 | D94: JUNIO | E94: 2024 | F94: JOSUE GILBERTO ANGULO ESPINOZA | G94: MARINA VERGARA VERDUZCO | H94: ROSA ELVA URIBE LABRA | I94: PBRO. JAVIER DE JESUS GONZALEZ MENDOZA | J94: GERARDO CAMACHO PONCE | K94: 3 | L94: 45 | M94: 89
A95: 73 | B95: EDGAR DANIEL FELIX MEDRANO | C95: 19 | D95: JUNIO | E95: 2024 | G95: DANIA FELIX MEDRANO | H95: ABELARDO FELIX MONTAÑO | I95: PBRO. JAVIER DE JESUS GONZALEZ MENDOZA | J95: GERARDO CAMACHO PONCE | K95: 3 | L95: 45 | M95: 90
A96: 74 | B96: GAEL IRAM RENDON ESTRADA | C96: 19 | D96: JUNIO | E96: 2024 | F96: RAUL RENDON PADILLA | G96: ALMA DELIA ESTRADA CORDOVA | H96: JOSE ALFREDO ESTRADA CORDOVA | I96: PBRO. JAVIER DE JESUS GONZALEZ MENDOZA | J96: GERARDO CAMACHO PONCE | K96: 3 | L96: 46 | M96: 91
A97: 75 | B97: HECTOR DANIEL DELGADO GALINDO | C97: 19 | D97: JUNIO | E97: 2024 | F97: DANIEL DELGADO HERNANDEZ | G97: ROCIO GALINDO LAGARDA | H97: IVAN RUBEN HERRERA LAGARDA | I97: PBRO. JAVIER DE JESUS GONZALEZ MENDOZA | J97: GERARDO CAMACHO PONCE | K97: 3 | L97: 46 | M97: 92
A98: 76 | B98: JESUS ALBERTO GARCIA ROBLES | C98: 19 | D98: JUNIO | E98: 2024 | F98: ALBERTO ORLANDO GARCIA ARROYO | G98: SANDRA ALICIA ROBLES ESQUER | H98: JUAN FRANCISCO BARRERA SANZUR | I98: PBRO. JAVIER DE JESUS GONZALEZ MENDOZA | J98: GERARDO CAMACHO PONCE | K98: 3 | L98: 47 | M98: 93
A99: 77 | B99: JOSE LUIS CORDOVA VALENZUELA | C99: 19 | D99: JUNIO | E99: 2024 | F99: JOSE LUIS CORDOVA LOPEZ | G99: JOSELIM GUADALUPE VALENZUELA CARLOS | H99: MAYRA EUGENIA MILLANES MORA | I99: PBRO. JAVIER DE JESUS GONZALEZ MENDOZA | J99: GERARDO CAMACHO PONCE | K99: 3 | L99: 47 | M99: 94
A100: 78 | B100: LUIS PABLO PADILLA CHARLES | C100: 19 | D100: JUNIO | E100: 2024 | F100: FLAVIO PADILLA FERNANDEZ | G100: DULCE DANETT CHARLES PESQUEIRA | H100: JESUS EDUARDO CHARLES PESQUEIRA | I100: PBRO. JAVIER DE JESUS GONZALEZ MENDOZA | J100: GERARDO CAMACHO PONCE | K100: 3 | L100: 48 | M100: 95
A101: 79 | B101: MARISMA CLAIRE ARTEAGA BARRON | C101: 19 | D101: JUNIO | E101: 2024 | F101: BERNARDO ARTEAGA LOBATOS | G101: MARIA ELENA BARRON HERNANDEZ | H101: MARIA DE LOURDES HERNANDEZ REYES | I101: PBRO. JAVIER DE JESUS GONZALEZ MENDOZA | J101: GERARDO CAMACHO PONCE | K101: 3 | L101: 48 | M101: 96
A102: 80 | B102: NADIA CHARLOTTE ARVIZU ENCINAS | C102: 19 | D102: JUNIO | E102: 2024 | F102: JORGE ANTONIO ARVIZU ARVIZU | G102: NADIA JANETTE ENCINAS GARCIA | H102: HABEILYN GUADALUPE GUTIERREZ OCHOA | I102: PBRO. JAVIER DE JESUS GONZALEZ MENDOZA | J102: GERARDO CAMACHO PONCE | K102: 3 | L102: 49 | M102: 97
A103: 81 | B103: PABLO MIGUEL LOPEZ PEREZ | C103: 19 | D103: JUNIO | E103: 2024 | F103: MIGUEL ANGEL LOPEZ SANCHEZ | G103: YESSICA IVET PEREZ RIOS | H103: JESUS CESAR PEREZ RIOS | I103: PBRO. JAVIER DE JESUS GONZALEZ MENDOZA | J103: GERARDO CAMACHO PONCE | K103: 3 | L103: 49 | M103: 98
A104: 82 | B104: PAOLA VALENZUELA NOVELA | C104: 19 | D104: JUNIO | E104: 2024 | F104: OMAR RENATO VALENZUELA TERAN | G104: CLARISSA JEANETH NOVELA DOMINGUEZ | H104: VICTOR MANUEL LANDEROS VALADEZ | I104: PBRO. JAVIER DE JESUS GONZALEZ MENDOZA | J104: GERARDO CAMACHO PONCE | K104: 3 | L104: 50 | M104: 99
A105: 83 | B105: ROBBY JEOVANN CUEVAS LEYVA | C105: 19 | D105: JUNIO | E105: 2024 | F105: JORGE CUEVAS ALVAREZ | G105: JUDITH GEOVANNA LEYVA CASTILLO | H105: JUAN CARLOS FIGUEROA VILLEGAS | I105: PBRO. JAVIER DE JESUS GONZALEZ MENDOZA | J105: GERARDO CAMACHO PONCE | K105: 3 | L105: 50 | M105: 100
A106: 84 | B106: ROMINA IVETTE RODRIGUEZ CAMPOY | C106: 19 | D106: JUNIO | E106: 2024 | F106: LUIS CARLOS RODRIGUEZ ESTRADA | G106: KLAUDIA IVETTE CAMPOY SOTOMAYOR | H106: DINORA MALDONADO RICARDEZ | I106: PBRO. JAVIER DE JESUS GONZALEZ MENDOZA | J106: GERARDO CAMACHO PONCE | K106: 3 | L106: 51 | M106: 101
A107: 85 | B107: SAMANTHA CAMILA LUQUE BORBON | C107: 19 | D107: JUNIO | E107: 2024 | F107: RAMON ALBERETO LUQUE MORALES | G107: SAHAMARA DANIELA BORBON FELIX | H107: ADELAIDA FELIX BARRAZA | I107: PBRO. JAVIER DE JESUS GONZALEZ MENDOZA | J107: GERARDO CAMACHO PONCE | K107: 3 | L107: 51 | M107: 102
... A110: 88 | B110: XIMENA RODRIGUEZ SILVA | C110: 19 | D110: JUNIO | E110: 2024 | F110: RAFAEL GILBERTO RODRIGUEZ FIERRO | G110: NOYRA LUZ SILVA LOPEZ | H110: MARIA DOLORES MORALES YOCUPICIO | I110: PBRO. JAVIER DE JESUS GONZALEZ MENDOZA | J110: GERARDO CAMACHO PONCE | K110: 3 | L110: 53 | M110: 105
B112: SAN PIO - IVETH VILLANUEVA
B113: NIÑA O NIÑO | C113: DIA | D113: MES | E113: AÑO | F113: PAPA | G113: MAMA | H113: MADRINA O PADRINO | I113: ARZOBISPO | J113: PARROCO | K113: LIBRO | L113: PAGINA | M113: PARTIDA
A114: 89 | B114: ALISON SARAHI LOYO MARTINEZ | C114: 19 | D114: JUNIO | E114: 2024 | G114: REYNA MARIA LOYO MARTINEZ | H114: ANA GABRIELA LABORIN VILLEGAS | I114: PBRO. JAVIER DE JESUS GONZALEZ MENDOZA | J114: GERARDO CAMACHO PONCE | K114: 3 | L114: 53 | M114: 106
A115: 90 | B115: ANA MIRIAM GAMEZ FLORES | C115: 19 | D115: JUNIO | E115: 2024 | F115: PEDRO ORLANDO GAMEZ AGUILAR | G115: DELIA ANGELICA FLORES FLORES | H115: BARBARA ESMERALDA DANIEL CARRERA | I115: PBRO. JAVIER DE JESUS GONZALEZ MENDOZA | J115: GERARDO CAMACHO PONCE | K115: 3 | L115: 54 | M115: 107
A116: 91 | B116: ANGEL EMMANUEL GUERRERO SAMANIEGO | C116: 19 | D116: JUNIO | E116: 2024 | F116: MARTIN RAFAEL GUERRERO CORRALES | G116: JESUS ELENA SAMANIEGO FERNANDEZ | H116: OCTAVIO SANCHEZ VELASCO | I116: PBRO. JAVIER DE JESUS GONZALEZ MENDOZA | J116: GERARDO CAMACHO PONCE | K116: 3 | L116: 54 | M116: 108
A117: 92 | B117: CAMILA GUADALUPE PERALTA AHUMADA | C117: 19 | D117: JUNIO | E117: 2024 | F117: FELIPE GUADALUPE PERALTA FELIX | G117: MICHELLE GUADALUPE AHUMADA TANORI | H117: MARIA JOSSE TANORI AHUMADA | I117: PBRO. JAVIER DE JESUS GONZALEZ MENDOZA | J117: GERARDO CAMACHO PONCE | K117: 3 | L117: 55 | M117: 109
A118: 93 | B118: CLAUDIA ANGELINE BUSTAMANTE RAMOS | C118: 19 | D118: JUNIO | E118: 2024 | F118: JESUS GUADALUPE BUSTAMANTE DORADO | G118: CLAUDIA AVELINE RAMOS LUNA | H118: JEPSE AZUCENA BUSTAMANTE DORADO | I118: PBRO. JAVIER DE JESUS GONZALEZ MENDOZA | J118: GERARDO CAMACHO PONCE | K118: 3 | L118: 55 | M118: 110
A119: 94 | B119: DANNA JOCELYN MATA ORDUÑO | C119: 19 | D119: JUNIO | E119: 2024 | F119: LUIS MANUEL MATA HERNANDEZ | G119: ROSA ALICIA GUADALUPE ORDUÑO BANDA | H119: CYNTHIA DELIA IBARRA MIRANDA | I119: PBRO. JAVIER DE JESUS GONZALEZ MENDOZA | J119: GERARDO CAMACHO PONCE | K119: 3 | L119: 56 | M119: 111
A120: 95 | B120: JENNIFER AMAYRANI GARDUÑO GARFIAS | C120: 19 | D120: JUNIO | E120: 2024 | F120: JOSE LUIS GARDUÑO REYES | G120: MARIA GUADALUPE GARFIAS MEDINA | H120: MARIA DEL CARMEN REYES SANTANA | I120: PBRO. JAVIER DE JESUS GONZALEZ MENDOZA | J120: GERARDO CAMACHO PONCE | K120: 3 | L120: 56 | M120: 112
A121: 96 | B121: LINEY ISABEL FLORES ROMO | C121: 19 | D121: JUNIO | E121: 2024 | F121: ULISES MIGUEL FLORES GOMEZ | G121: CYNTHIA MARIA ROMO VASQUEZ | H121: MIRIAM CECILIA VASQUEZ ARVAYO | I121: PBRO. JAVIER DE JESUS GONZALEZ MENDOZA | J121: GERARDO CAMACHO PONCE | K121: 3 | L121: 57 | M121: 113
A122: 97 | B122: LUIS ANGEL MEZA ROBLES | C122: 19 | D122: JUNIO | E122: 2024 | F122: LUIS CARLOS MEZA URQUIJO | G122: NUBIA NAILEA ROBLES SESMA | H122: NANCY GUADALUPE QUINTANAR SESMA | I122: PBRO. JAVIER DE JESUS GONZALEZ MENDOZA | J122: GERARDO CAMACHO PONCE | K122: 3 | L122: 57 | M122: 114
A123: 98 | B123: LUIS FERNANDO RODRIGUEZ ALVAREZ | C123: 19 | D123: JUNIO | E123: 2024 | F123: VICENTE RODRIGUEZ URBINA | G123: ADRIANA MARIA ALVAREZ FELIX | H123: ALEJANDRA RODRIGUEZ ALVAREZ | I123: PBRO. JAVIER DE JESUS GONZALEZ MENDOZA | J123: GERARDO CAMACHO PONCE | K123: 3 | L123: 58 | M123: 115
...

Sheet IMPRESION-CONFIRMACION
A1: 331
D5: =LOOKUP($A$1,CONFIRMACION!$A$7:B1055) -> ABRIL RODARTE SANCHEZ
E8: =IF(LOOKUP($A$1,CONFIRMACION!$A$7:F1055)=0," ",LOOKUP($A$1,CONFIRMACION!$A$7:F1055)) -> JESUS FERNANDO RODARTE MORALES | I8: =LOOKUP($A$1,CONFIRMACION!$A$7:G1055) -> ANA CECILIA SANCHEZ YAÑEZ
C12: ARZ. RUY RENDÓN LEAL | H12: =IF(LOOKUP($A$1,CONFIRMACION!$A$7:C1059)=0," ",LOOKUP($A$1,CONFIRMACION!$A$7:C1059)) -> 15 | I12: =IF(LOOKUP($A$1,CONFIRMACION!$A$7:D1059)=0," ",LOOKUP($A$1,CONFIRMACION!$A$7:D1059)) -> JUNIO | J12: =IF(LOOKUP($A$1,CONFIRMACION!$A$7:E1059)=0," ",LOOKUP($A$1,CONFIRMACION!$A$7:E1059)) -> 2026
F14: =LOOKUP($A$1,CONFIRMACION!$A$7:H1055) -> GUADALUPE AMANDA CORONADO COLORES
F15: =LOOKUP($A$1,CONFIRMACION!$A$7:K1055) -> 3
F16: =LOOKUP($A$1,CONFIRMACION!$A$7:L1055) -> 174 | I16: =IF(LOOKUP($A$1,CONFIRMACION!A$7:$J1050)=0," ",LOOKUP($A$1,CONFIRMACION!A$7:$J1050)) -> GERARDO CAMACHO PONCE
F17: =LOOKUP($A$1,CONFIRMACION!$A$7:M1055) -> 348

Sheet BAUTIZMO
B3: CONSTANCIA DE BAUTISMO
D5: FECHA NACIMIENTO | G5: LUGAR | J5: FECHA BAUTISMO
B6: NIÑA O NIÑO | D6: DIA | E6: MES | F6: AÑO | G6: DE NACIMIENTO | H6: PAPA | I6: MAMA | J6: DIA | K6: MES | L6: AÑO | M6: MINISTRO | N6: PADRINO | O6: MADRINA | P6: PÁRROCO | Q6: REGISTRO NO. | U6: Libro | V6: Pagina | W6: Acta
B7: BAUTIZOS DEL 2023
A8: 1 | B8: FERNANDO VAZQUEZ SALVADOR | D8: 3 | E8: ABRIL | F8: 2022 | G8: HERMOSILLO, SONORA | H8: FERNANDO VAZQUEZ GAMEZ | I8: ALEJANDRA SALVADOR ZAMORANO | J8: 14 | K8: ENERO | L8: 2023 | M8: PBRO. GERARDO CAMACHO PONCE | N8: EFREN ARISTEO MENDIVIL VALENCIA | O8: MARIA VICTORIA SALVADOR ZAMORANO | P8: GERARDO CAMACHO PONCE | Q8: 806 | R8: =H8&" Y "&I8 -> FERNANDO VAZQUEZ GAMEZ Y ALEJANDRA SALVADOR ZAMORANO | S8: =D8&" "&E8&" DE "&F8 -> 3 ABRIL DE 2022 | T8: =J8&" "&K8&" DE "&L8 -> 14 ENERO DE 2023 | U8: 2 | V8: 198 | W8: 396
A9: 2 | B9: EDUARDO ESCALANTE BRUNET | D9: 19 | E9: FEBRERO | F9: 2022 | G9: HERMOSILLO, SONORA | H9: JESUS EDUARDO ESCALANTE ROSALES | I9: ALEJANDRA DALI BRUNET FIGUEROA | J9: 18 | K9: FEBRERO | L9: 2023 | M9: PBRO. GERARDO CAMACHO PONCE | N9: NOE ALBERTO CUAMEA PIÑA | O9: MARITZA MARTINEZ MUNGIA | P9: GERARDO CAMACHO PONCE | Q9: 434 | R9: =H9&" Y "&I9 -> JESUS EDUARDO ESCALANTE ROSALES Y ALEJANDRA DALI BRUNET FIGUEROA | S9: =D9&" "&E9&" DE "&F9 -> 19 FEBRERO DE 2022 | T9: =J9&" "&K9&" DE "&L9 -> 18 FEBRERO DE 2023 | U9: 2 | V9: 199 | W9: 397
A10: 3 | B10: YADIRA ALEJANDRA GUZMAN CASAS | D10: 21 | E10: FEBRERO | F10: 2022 | G10: HERMOSILLO, SONORA | H10: MARTIN ALEJANDRO GUZMAN DURON | I10: CINTHYA YANETH CASAS CORRALES | J10: 4 | K10: MARZO | L10: 2023 | M10: PBRO. GERARDO CAMACHO PONCE | N10: CARLOS ERNESTO GUZMAN DURON | O10: ILLIANA MARIA MARCOFF BRAVO | P10: GERARDO CAMACHO PONCE | Q10: 762 | R10: =H10&" Y "&I10 -> MARTIN ALEJANDRO GUZMAN DURON Y CINTHYA YANETH CASAS CORRALES | S10: =D10&" "&E10&" DE "&F10 -> 21 FEBRERO DE 2022 | T10: =J10&" "&K10&" DE "&L10 -> 4 MARZO DE 2023 | U10: 2 | V10: 199 | W10: 398
A11: 4 | B11: ANDREA ORTIZ ALVAREZ | D11: 9 | E11: MARZO | F11: 2022 | G11: HERMOSILLO, SONORA | H11: OSCAR ALEJANDRO ORTIZ CAMPOS | I11: DIANA ALEXIS ALVAREZ BELTRAN | J11: 4 | K11: MARZO | L11: 2023 | M11: PBRO. GERARDO CAMACHO PONCE | N11: OSCAR ROBERTO BELTRAN GASTELUM | O11: CARMEN ROSARIO BELTRAN RENDON | P11: GERARDO CAMACHO PONCE | Q11: 1024 | R11: =H11&" Y "&I11 -> OSCAR ALEJANDRO ORTIZ CAMPOS Y DIANA ALEXIS ALVAREZ BELTRAN | S11: =D11&" "&E11&" DE "&F11 -> 9 MARZO DE 2022 | T11: =J11&" "&K11&" DE "&L11 -> 4 MARZO DE 2023 | U11: 2 | V11: 200 | W11: 399
A12: 5 | B12: EYDAN JAFET DELGADO ENCINAS | D12: 1 | E12: ABRIL | F12: 2022 | G12: HERMOSILLO, SONORA | H12: ANGEL JAFET DELGADO CHAVEZ | I12: ROCIO ESMERALDA ENCINAS BRACAMONTES | J12: 12 | K12: MARZO | L12: 2023 | M12: PBRO. GERARDO CAMACHO PONCE | N12: CRHISTIAN BECKER DELGADO CHAVEZ | O12: LUISA DAVINA RIOS ZAVALA | P12: GERARDO CAMACHO PONCE | Q12: 2099 | R12: =H12&" Y "&I12 -> ANGEL JAFET DELGADO CHAVEZ Y ROCIO ESMERALDA ENCINAS BRACAMONTES | S12: =D12&" "&E12&" DE "&F12 -> 1 ABRIL DE 2022 | T12: =J12&" "&K12&" DE "&L12 -> 12 MARZO DE 2023 | U12: 2 | V12: 200 | W12: 400
A13: 6 | B13: SANTIAGO NAVA ESQUER | D13: 28 | E13: FEBRERO | F13: 2020 | G13: HERMOSILLO, SONORA | H13: FERNANDO NAVA GUEVARA | I13: MARISOL ESQUER CASTRO | J13: 18 | K13: MARZO | L13: 2023 | M13: PBRO. GERARDO CAMACHO PONCE | N13: LUIS ARMANDO VALENCIA FIGUEROA | O13: ALONDRA ESQUER GANDARILLA | P13: GERARDO CAMACHO PONCE | Q13: 766 | R13: =H13&" Y "&I13 -> FERNANDO NAVA GUEVARA Y MARISOL ESQUER CASTRO | S13: =D13&" "&E13&" DE "&F13 -> 28 FEBRERO DE 2020 | T13: =J13&" "&K13&" DE "&L13 -> 18 MARZO DE 2023 | U13: 2 | V13: 201 | W13: 401
A14: 7 | B14: EMILIO LOPEZ ALMADA | D14: 10 | E14: MARZO | F14: 2022 | G14: HERMOSILLO, SONORA | H14: EDGARDO LOPEZ ANGUIS | I14: ESTEFANIA GUADALUPE ALMADA FUENTES | J14: 18 | K14: MARZO | L14: 2023 | M14: PBRO. GERARDO CAMACHO PONCE | N14: ALAN FRANCISCO GUTIERREZ CAMPOY | O14: ESTHELA MARIA AVILA ANGUIS | P14: GERARDO CAMACHO PONCE | Q14: 457 | R14: =H14&" Y "&I14 -> EDGARDO LOPEZ ANGUIS Y ESTEFANIA GUADALUPE ALMADA FUENTES | S14: =D14&" "&E14&" DE "&F14 -> 10 MARZO DE 2022 | T14: =J14&" "&K14&" DE "&L14 -> 18 MARZO DE 2023 | U14: 2 | V14: 201 | W14: 402
A15: 8 | B15: AMELIA LUCIA ROMERO PEREZ | D15: 28 | E15: OCTUBRE | F15: 2021 | G15: HERMOSILLO, SONORA | H15: JORGE ANDRES ROMERO ANDRADE | I15: MARTHA SELENE PEREZ OROZCO | J15: 18 | K15: MARZO | L15: 2023 | M15: PBRO. GERARDO CAMACHO PONCE | N15: JAIME ALBERTO RENTERIA BECERRA | O15: PAULA CRISTINA ROMERO ANDRADE | P15: GERARDO CAMACHO PONCE | Q15: 1764 | R15: =H15&" Y "&I15 -> JORGE ANDRES ROMERO ANDRADE Y MARTHA SELENE PEREZ OROZCO | S15: =D15&" "&E15&" DE "&F15 -> 28 OCTUBRE DE 2021 | T15: =J15&" "&K15&" DE "&L15 -> 18 MARZO DE 2023 | U15: 2 | V15: 202 | W15: 403
A16: 9 | B16: REGINA GUADALUPE ARAIZA REYNA | D16: 21 | E16: ABRIL | F16: 2019 | G16: TUCSON, ARIZONA | H16: JESUS MIGUEL ARAIZA CARRILLO | I16: NEREYDA ALEXANDRA REYNA HERNANDEZ | J16: 19 | K16: MARZO | L16: 2023 | M16: PBRO. GERARDO CAMACHO PONCE | N16: JESUS ARAIZA MARQUEZ | O16: ERICKA VALENZUELA BELTRAN | P16: GERARDO CAMACHO PONCE | Q16: 23727 | R16: =H16&" Y "&I16 -> JESUS MIGUEL ARAIZA CARRILLO Y NEREYDA ALEXANDRA REYNA HERNANDEZ | S16: =D16&" "&E16&" DE "&F16 -> 21 ABRIL DE 2019 | T16: =J16&" "&K16&" DE "&L16 -> 19 MARZO DE 2023 | U16: 2 | V16: 202 | W16: 404
A17: 10 | B17: RENATA SARAHI ARAIZA REYNA | D17: 10 | E17: ENERO | F17: 2021 | G17: TUCSON, ARIZONA | H17: JESUS MIGUEL ARAIZA CARRILLO | I17: NEREYDA ALEXANDRA REYNA HERNANDEZ | J17: 19 | K17: MARZO | L17: 2023 | M17: PBRO. GERARDO CAMACHO PONCE | N17: ENRIQUE GUZMAN | O17: VERONICA HERNANDEZ LOPEZ | P17: GERARDO CAMACHO PONCE | Q17: 57495 | R17: =H17&" Y "&I17 -> JESUS MIGUEL ARAIZA CARRILLO Y NEREYDA ALEXANDRA REYNA HERNANDEZ | S17: =D17&" "&E17&" DE "&F17 -> 10 ENERO DE 2021 | T17: =J17&" "&K17&" DE "&L17 -> 19 MARZO DE 2023 | U17: 2 | V17: 203 | W17: 405
A18: 11 | B18: GIAN ALBERTO SEGURA CAMARGO | D18: 31 | E18: DICIEMBRE | F18: 2021 | G18: HERMOSILLO, SONORA | H18: JESUS YOBANI SEGURA GARCIA | I18: ADILENE FRANCISCA CAMARGO CASTELO | J18: 19 | K18: MARZO | L18: 2023 | M18: PBRO. GERARDO CAMACHO PONCE | N18: DANIEL EDUARDO MEDRANO GARCIA | O18: NATALIA ELIZABETH MEDINA JIMENEZ | P18: GERARDO CAMACHO PONCE | Q18: 597 | R18: =H18&" Y "&I18 -> JESUS YOBANI SEGURA GARCIA Y ADILENE FRANCISCA CAMARGO CASTELO | S18: =D18&" "&E18&" DE "&F18 -> 31 DICIEMBRE DE 2021 | T18: =J18&" "&K18&" DE "&L18 -> 19 MARZO DE 2023 | U18: 2 | V18: 203 | W18: 406
A19: 12 | B19: REBECCA MURILLO ROBLES | D19: 10 | E19: AGOSTO | F19: 2022 | G19: HERMOSILLO, SONORA | H19: JOHNATAN MURILLO VELARDE | I19: CRISTINA GUADALUPE ROBLES MOROYOQUI | J19: 26 | K19: MARZO | L19: 2023 | M19: PBRO. GERARDO CAMACHO PONCE | N19: ADOLFO ALBERTO MURILLO VELARDE | O19: PAMELA ALEJANDRA VEGA IRRA | P19: GERARDO CAMACHO PONCE | Q19: 3443 | R19: =H19&" Y "&I19 -> JOHNATAN MURILLO VELARDE Y CRISTINA GUADALUPE ROBLES MOROYOQUI | S19: =D19&" "&E19&" DE "&F19 -> 10 AGOSTO DE 2022 | T19: =J19&" "&K19&" DE "&L19 -> 26 MARZO DE 2023 | U19: 2 | V19: 204 | W19: 407
A20: 13 | B20: MATEO FERNANDO ORTEZ RODRIGUEZ | D20: 6 | E20: MAYO | F20: 2013 | G20: GUAYMAS SONORA | H20: MANUEL RODRIGUEZ LOPEZ | I20: MARIA FERNANDA ORTEZ RODRIGUEZ | J20: 26 | K20: MARZO | L20: 2023 | M20: PBRO. GERARDO CAMACHO PONCE | N20: EDUARDO GONZALEZ ORTEZ | P20: GERARDO CAMACHO PONCE | Q20: 928 | R20: =H20&" Y "&I20 -> MANUEL RODRIGUEZ LOPEZ Y MARIA FERNANDA ORTEZ RODRIGUEZ | S20: =D20&" "&E20&" DE "&F20 -> 6 MAYO DE 2013 | T20: =J20&" "&K20&" DE "&L20 -> 26 MARZO DE 2023 | U20: 2 | V20: 204 | W20: 408
A21: 14 | B21: MARCIA PATRICIA CARRION ZEPEDA | D21: 28 | E21: JULIO | F21: 2022 | G21: HERMOSILLO, SONORA | H21: CARLOS ALBERTO CARRION TRACONIS | I21: MARCIA IVONE ZEPEDA PERALTA | J21: 26 | K21: MARZO | L21: 2023 | M21: PBRO. GERARDO CAMACHO PONCE | N21: JESUS GUILLERMO CORONADO MUÑOZ | O21: MARCIA ROSELA MUNGUIA HERRERA | P21: GERARDO CAMACHO PONCE | Q21: 1268 | R21: =H21&" Y "&I21 -> CARLOS ALBERTO CARRION TRACONIS Y MARCIA IVONE ZEPEDA PERALTA | S21: =D21&" "&E21&" DE "&F21 -> 28 JULIO DE 2022 | T21: =J21&" "&K21&" DE "&L21 -> 26 MARZO DE 2023 | U21: 2 | V21: 205 | W21: 409
A22: 15 | B22: VALERIA ELVIRA GARCIA NORIEGA | D22: 24 | E22: JULIO | F22: 2005 | G22: HERMOSILLO, SONORA | H22: JAVIER GARCIA CASTRO | I22: CLAUDIA NORIEGA BARRERA | J22: 29 | K22: MARZO | L22: 2023 | M22: PBRO. GERARDO CAMACHO PONCE | N22: JOEL SANTIAGO RIVERA NEVAREZ | O22: YESSENIA PATRICIA NORIEGA BARRERA | P22: GERARDO CAMACHO PONCE | Q22: 474 | R22: =H22&" Y "&I22 -> JAVIER GARCIA CASTRO Y CLAUDIA NORIEGA BARRERA | S22: =D22&" "&E22&" DE "&F22 -> 24 JULIO DE 2005 | T22: =J22&" "&K22&" DE "&L22 -> 29 MARZO DE 2023 | U22: 2 | V22: 205 | W22: 410
A23: 16 | B23: DENISSE SOFIA GARCIA LOPEZ | D23: 18 | E23: DICIEMBRE | F23: 2013 | G23: HERMOSILLO, SONORA | H23: ALVARO OSWALDO GARCIA ARIAS | J23: 1 | K23: ABRIL | L23: 2023 | M23: PBRO. GERARDO CAMACHO PONCE | N23: JUAN SALVADOR MARTINEZ TALAMANTES | O23: CYNTHIA ELIZABETH VERJAN ESQUER | P23: GERARDO CAMACHO PONCE | Q23: 1238 | R23: =H23&" Y "&I23 -> ALVARO OSWALDO GARCIA ARIAS Y | S23: =D23&" "&E23&" DE "&F23 -> 18 DICIEMBRE DE 2013 | T23: =J23&" "&K23&" DE "&L23 -> 1 ABRIL DE 2023 | U23: 2 | V23: 206 | W23: 411
A24: 17 | B24: ROQUE ISMAEL MOLINA ORTIZ | D24: 26 | E24: FEBRERO | F24: 2022 | G24: HERMOSILLO, SONORA | H24: AURELIANO MOLINA DANIEL | I24: ELIZABETH ORTIZ VALENCIA | J24: 1 | K24: ABRIL | L24: 2023 | M24: PBRO. GERARDO CAMACHO PONCE | N24: JOSE LUIS LIMON BASACA | O24: ALMA LORENA LOPEZ PEREZ | P24: GERARDO CAMACHO PONCE | Q24: 1303 | R24: =H24&" Y "&I24 -> AURELIANO MOLINA DANIEL Y ELIZABETH ORTIZ VALENCIA | S24: =D24&" "&E24&" DE "&F24 -> 26 FEBRERO DE 2022 | T24: =J24&" "&K24&" DE "&L24 -> 1 ABRIL DE 2023 | U24: 2 | V24: 206 | W24: 412
A25: 18 | B25: GABRIEL ALFONSO PATRON GALVEZ | D25: 3 | E25: NOVIEMBRE | F25: 2022 | G25: HERMOSILLO, SONORA | H25: MIGUEL ALFONSO PATRON AVILES | I25: KAREN VIANNEY GALVEZ GARCIA | J25: 16 | K25: ABRIL | L25: 2023 | M25: PBRO. GERARDO CAMACHO PONCE | N25: LUIS ARMANDO CONTRERAS AGUAYO | O25: ANA GABRIELA FONTES GARCIA | P25: GERARDO CAMACHO PONCE | Q25: 2385 | R25: =H25&" Y "&I25 -> MIGUEL ALFONSO PATRON AVILES Y KAREN VIANNEY GALVEZ GARCIA | S25: =D25&" "&E25&" DE "&F25 -> 3 NOVIEMBRE DE 2022 | T25: =J25&" "&K25&" DE "&L25 -> 16 ABRIL DE 2023 | U25: 2 | V25: 207 | W25: 413
A26: 19 | B26: MYA ISABELA PATRON GALVEZ | D26: 29 | E26: NOVIEMBRE | F26: 2021 | G26: HERMOSILLO, SONORA | H26: MIGUEL ALFONSO PATRON AVILES | I26: KAREN VIANNEY GALVEZ GARCIA | J26: 16 | K26: ABRIL | L26: 2023 | M26: PBRO. GERARDO CAMACHO PONCE | N26: LUIS ARMANDO CONTRERAS AGUAYO | O26: ANA GABRIELA FONTES GARCIA | P26: GERARDO CAMACHO PONCE | Q26: 1822 | R26: =H26&" Y "&I26 -> MIGUEL ALFONSO PATRON AVILES Y KAREN VIANNEY GALVEZ GARCIA | S26: =D26&" "&E26&" DE "&F26 -> 29 NOVIEMBRE DE 2021 | T26: =J26&" "&K26&" DE "&L26 -> 16 ABRIL DE 2023 | U26: 2 | V26: 207 | W26: 414
A27: 20 | B27: MARISSA RASCON CARVAJAL | D27: 6 | E27: DICIEMBRE | F27: 2022 | G27: HERMOSILLO, SONORA | H27: JESUS TADEO RASCON ANDRADE | I27: ANA ISABEL CARvAJAL ACUÑA | J27: 23 | K27: ABRIL | L27: 2023 | M27: PBRO. GERARDO CAMACHO PONCE | N27: LUIS ALAN SANTINI COHIRA Y RITA MARIA NORIEGA NOYOLA | O27: ALBERTO TERAN ROMERO | P27: GERARDO CAMACHO PONCE | Q27: 158 | R27: =H27&" Y "&I27 -> JESUS TADEO RASCON ANDRADE Y ANA ISABEL CARvAJAL ACUÑA | S27: =D27&" "&E27&" DE "&F27 -> 6 DICIEMBRE DE 2022 | T27: =J27&" "&K27&" DE "&L27 -> 23 ABRIL DE 2023 | U27: 2 | V27: 208 | W27: 415
A28: 21 | B28: ANGELIQUE PAOLET AGUILAR ORTIZ | D28: 10 | E28: JUNIO | F28: 2011 | G28: HERMOSILLO, SONORA | H28: GUSTAVO AGUILAR SANTACRUZ | I28: GLADYS JANETH ORTIZ LEON | J28: 11 | K28: MAYO | L28: 2023 | M28: PBRO. GERARDO CAMACHO PONCE | N28: JULIO CESAR ARRIQUIVEZ ESQUER | O28: JOANA GUADALUPE ORTIZ LEON | P28: GERARDO CAMACHO PONCE | Q28: 3177 | R28: =H28&" Y "&I28 -> GUSTAVO AGUILAR SANTACRUZ Y GLADYS JANETH ORTIZ LEON | S28: =D28&" "&E28&" DE "&F28 -> 10 JUNIO DE 2011 | T28: =J28&" "&K28&" DE "&L28 -> 11 MAYO DE 2023 | U28: 2 | V28: 208 | W28: 416
A29: 22 | B29: OSCAR ALAN BARRETO VALENZUELA | D29: 16 | E29: AGOSTO | F29: 2022 | G29: HERMOSILLO, SONORA | H29: OSCAR ALAN BARRETO RIOS | I29: ROSA STEPHANIE VALENZUELA FLORES | J29: 21 | K29: MAYO | L29: 2023 | M29: PBRO. GERARDO CAMACHO PONCE | N29: MARCO ANTONIO BARRETO RIOS | O29: GUADALUPE CORONADO GOMEZ | P29: GERARDO CAMACHO PONCE | Q29: 2560 | R29: =H29&" Y "&I29 -> OSCAR ALAN BARRETO RIOS Y ROSA STEPHANIE VALENZUELA FLORES | S29: =D29&" "&E29&" DE "&F29 -> 16 AGOSTO DE 2022 | T29: =J29&" "&K29&" DE "&L29 -> 21 MAYO DE 2023 | U29: 2 | V29: 209 | W29: 417
A30: 23 | B30: ANA LUISA ISLAS KITAZAWA | D30: 25 | E30: JULIO | F30: 2022 | G30: HERMOSILLO, SONORA | H30: LUIS NAPOLEON ISLAS IBARRA | I30: ANA DEL CARMEN KITAZAWA LEYVA | J30: 3 | K30: JUNIO | L30: 2023 | M30: PBRO. GERARDO CAMACHO PONCE | N30: JUAN EDUARDO KITAZAWA LEYVA | O30: EVANGELINA ISLAS IBARRA | P30: GERARDO CAMACHO PONCE | Q30: 2190 | R30: =H30&" Y "&I30 -> LUIS NAPOLEON ISLAS IBARRA Y ANA DEL CARMEN KITAZAWA LEYVA | S30: =D30&" "&E30&" DE "&F30 -> 25 JULIO DE 2022 | T30: =J30&" "&K30&" DE "&L30 -> 3 JUNIO DE 2023 | U30: 2 | V30: 209 | W30: 418
A31: 24 | B31: VARENA LUCIA DE LA CRUZ RESENDIZ | D31: 9 | E31: NOVIEMBRE | F31: 2022 | G31: HERMOSILLO, SONORA | H31: JESUS ENRIQUE DE LA CRUZ ENCINAS | I31: VICTORIA BERENICE RESENDIZ MACHO | J31: 3 | K31: JUNIO | L31: 2023 | M31: PBRO. GERARDO CAMACHO PONCE | N31: JULIO CESAR AVILA ROMERO | O31: MONICA TORRES ROMERO | P31: GERARDO CAMACHO PONCE | Q31: 3200 | R31: =H31&" Y "&I31 -> JESUS ENRIQUE DE LA CRUZ ENCINAS Y VICTORIA BERENICE RESENDIZ MACHO | S31: =D31&" "&E31&" DE "&F31 -> 9 NOVIEMBRE DE 2022 | T31: =J31&" "&K31&" DE "&L31 -> 3 JUNIO DE 2023 | U31: 2 | V31: 210 | W31: 419
A32: 25 | B32: MARIA CORELLA SALCIDO | D32: 7 | E32: ENERO | F32: 2023 | G32: HERMOSILLO, SONORA | H32: LUIS FELIPE CORELLA OROZCO | I32: REYNA GUADALUPE SALCIDO CORRALES | J32: 11 | K32: JUNIO | L32: 2023 | M32: PBRO. GERARDO CAMACHO PONCE | N32: HECTOR ARMANDO CASTRO ORTEGA | O32: LORENA SALCIDO CORRALES | P32: GERARDO CAMACHO PONCE | Q32: 335 | R32: =H32&" Y "&I32 -> LUIS FELIPE CORELLA OROZCO Y REYNA GUADALUPE SALCIDO CORRALES | S32: =D32&" "&E32&" DE "&F32 -> 7 ENERO DE 2023 | T32: =J32&" "&K32&" DE "&L32 -> 11 JUNIO DE 2023 | U32: 2 | V32: 210 | W32: 420
A33: 26 | B33: LEGNA MAYLIN CORRAL JIMENEZ | D33: 6 | E33: JUNIO | F33: 2022 | G33: HERMOSILLO, SONORA | H33: ANGEL DE JESUS CORRAL AGUILAR | I33: ZARET DE JESUS JIMENEZ TORRES | J33: 11 | K33: JUNIO | L33: 2023 | M33: PBRO. GERARDO CAMACHO PONCE | N33: HUMBERTO MARQUEZ RUIZ | O33: FRANCISCA CRISTINA DIAZ TORRES | P33: GERARDO CAMACHO PONCE | Q33: 1827 | R33: =H33&" Y "&I33 -> ANGEL DE JESUS CORRAL AGUILAR Y ZARET DE JESUS JIMENEZ TORRES | S33: =D33&" "&E33&" DE "&F33 -> 6 JUNIO DE 2022 | T33: =J33&" "&K33&" DE "&L33 -> 11 JUNIO DE 2023 | U33: 2 | V33: 211 | W33: 421
A34: 27 | B34: RENATA AYDEE RUBIO SOLIS | D34: 12 | E34: JUNIO | F34: 2017 | G34: HERMOSILLO, SONORA | H34: MARTIN ALBERTO RUBIO VALENZUELA | I34: DOLORES MARGARITA SOLIS FLORES | J34: 17 | K34: JUNIO | L34: 2023 | M34: PBRO. ANDRES GADALUPE SALAZAR ANGULO | N34: EDGAR DANIEL BANDA HERRERA | O34: EMMA CZARINA BRAVO LOPEZ | P34: GERARDO CAMACHO PONCE | Q34: 2476 | R34: =H34&" Y "&I34 -> MARTIN ALBERTO RUBIO VALENZUELA Y DOLORES MARGARITA SOLIS FLORES | S34: =D34&" "&E34&" DE "&F34 -> 12 JUNIO DE 2017 | T34: =J34&" "&K34&" DE "&L34 -> 17 JUNIO DE 2023 | U34: 2 | V34: 211 | W34: 422
A35: 28 | B35: HANSEL MATEO MARTINEZ MARTINEZ | D35: 30 | E35: JUNIO | F35: 2022 | G35: HERMOSILLO, SONORA | H35: HANSEL EFRAIN MARTINEZ LLAMAS | I35: MARIA ISABEL MARTINEZ VALENCIA | J35: 1 | K35: JULIO | L35: 2023 | M35: PBRO. GERARDO CAMACHO PONCE | N35: MANUEL ENRIQUE BUJANDA QUIJADA | O35: REYNA JULIETA FELIX ORTIZ | P35: GERARDO CAMACHO PONCE | Q35: 1141 | R35: =H35&" Y "&I35 -> HANSEL EFRAIN MARTINEZ LLAMAS Y MARIA ISABEL MARTINEZ VALENCIA | S35: =D35&" "&E35&" DE "&F35 -> 30 JUNIO DE 2022 | T35: =J35&" "&K35&" DE "&L35 -> 1 JULIO DE 2023 | U35: 2 | V35: 212 | W35: 423
... A57: 50 | B57: SANTIAGO IGNACIO VALENZUELA SALCIDO | D57: 18 | E57: DICIEMBRE | F57: 2022 | G57: HERMOSILLO, SONORA | H57: DAVID IGNACIO VALENZUELA DOMINGUEZ | I57: GABRIELA BELEM SALCIDO RUIZ | J57: 17 | K57: DICIEMBRE | L57: 2023 | M57: PBRO. GERARDO CAMACHO PONCE | N57: JUAN PABLO PRECIADO SALCIDO | O57: KARLA IVONNE SALCIDO RUIZ | P57: GERARDO CAMACHO PONCE | Q57: 329 | R57: =H57&" Y "&I57 -> DAVID IGNACIO VALENZUELA DOMINGUEZ Y GABRIELA BELEM SALCIDO RUIZ | S57: =D57&" "&E57&" DE "&F57 -> 18 DICIEMBRE DE 2022 | T57: =J57&" "&K57&" DE "&L57 -> 17 DICIEMBRE DE 2023 | U57: 2 | V57: 223 | W57: 445
B58: BAUTIZOS DEL 2024
A59: 51 | B59: ANA CECILIA PARTIDA CUELLAR | D59: 7 | E59: FEBRERO | F59: 2023 | G59: HERMOSILLO, SONORA | H59: JOSE ANGEL PARTIDA RANGEL | I59: ANDREA STEPHNEE CUELLAR SALAS | J59: 4 | K59: FEBRERO | L59: 2024 | M59: PBRO. GERARDO CAMACHO PONCE | N59: DIEGO DE JESUS CUELLAR SALAS | O59: ANA SARAHI PARTIDA RANGEL | P59: GERARDO CAMACHO PONCE | Q59: 549 | R59: =H59&" Y "&I59 -> JOSE ANGEL PARTIDA RANGEL Y ANDREA STEPHNEE CUELLAR SALAS | S59: =D59&" "&E59&" DE "&F59 -> 7 FEBRERO DE 2023 | T59: =J59&" "&K59&" DE "&L59 -> 4 FEBRERO DE 2024 | U59: 2 | V59: 223 | W59: 446
A60: 52 | B60: CARLOS DANIEL SANCHEZ GOMEZ | D60: 11 | E60: FEBRERO | F60: 2023 | G60: HERMOSILLO, SONORA | H60: DANIEL SANCHEZ DORAME | I60: ANA CRISTINA GOMEZ LIMA | J60: 11 | K60: FEBRERO | L60: 2024 | M60: PBRO. GERARDO CAMACHO PONCE | N60: MIGUEL ANGEL GOMEZ LIMA | O60: LUCIA GUADALUPE DORAME BUERAS | P60: GERARDO CAMACHO PONCE | Q60: 660 | R60: =H60&" Y "&I60 -> DANIEL SANCHEZ DORAME Y ANA CRISTINA GOMEZ LIMA | S60: =D60&" "&E60&" DE "&F60 -> 11 FEBRERO DE 2023 | T60: =J60&" "&K60&" DE "&L60 -> 11 FEBRERO DE 2024 | U60: 2 | V60: 224 | W60: 447
A61: 53 | B61: AMBAR RENEE BRINGAS CHAVEZ | D61: 20 | E61: SEPTIEMBRE | F61: 2023 | G61: HERMOSILLO, SONORA | H61: IVAN BRINGAS SILVESTRE | I61: GUADALUPE EDUWVIGES CHAVEZ MIRANDA | J61: 17 | K61: FEBRERO | L61: 2024 | M61: PBRO. GERARDO CAMACHO PONCE | N61: MARIO SILVESTRE LOPEZ | O61: AIDA ELENA VALENZUELA MENDIVIL | P61: GERARDO CAMACHO PONCE | Q61: 2312 | R61: =H61&" Y "&I61 -> IVAN BRINGAS SILVESTRE Y GUADALUPE EDUWVIGES CHAVEZ MIRANDA | S61: =D61&" "&E61&" DE "&F61 -> 20 SEPTIEMBRE DE 2023 | T61: =J61&" "&K61&" DE "&L61 -> 17 FEBRERO DE 2024 | U61: 2 | V61: 224 | W61: 448
A62: 54 | B62: MARCELO ALEJANDRO MARQUEZ ESCOBAR | D62: 24 | E62: JULIO | F62: 2023 | G62: HERMOSILLO, SONORA | H62: MARION ALBERTO MARQUEZ SUAREZ | I62: MARIA FERNANDA ESCOBAR MONGE | J62: 2 | K62: MARZO | L62: 2024 | M62: PBRO. GERARDO CAMACHO PONCE | N62: ALBERTO ESCOBAR MONGE | O62: GREICE JULIETA BASS OROPEZA | P62: GERARDO CAMACHO PONCE | Q62: 1715 | R62: =H62&" Y "&I62 -> MARION ALBERTO MARQUEZ SUAREZ Y MARIA FERNANDA ESCOBAR MONGE | S62: =D62&" "&E62&" DE "&F62 -> 24 JULIO DE 2023 | T62: =J62&" "&K62&" DE "&L62 -> 2 MARZO DE 2024 | U62: 2 | V62: 225 | W62: 449
A63: 55 | B63: BENJAMIN MATEO SANTACRUZ HERNANDEZ | D63: 30 | E63: ENERO | F63: 2021 | G63: HERMOSILLO, SONORA | H63: BENJAMIN SANTACRUZ HERRERA | I63: TANIA GUADALUPE HERNANDEZ MALAVIAR | J63: 16 | K63: MARZO | L63: 2024 | M63: PBRO. GERARDO CAMACHO PONCE | N63: RICARDO ALEJANDRO OSUNA BUSTAMANTE | O63: MIRIAM SUGGEY ARVIZU HERNANDEZ | P63: GERARDO CAMACHO PONCE | Q63: 1493 | R63: =H63&" Y "&I63 -> BENJAMIN SANTACRUZ HERRERA Y TANIA GUADALUPE HERNANDEZ MALAVIAR | S63: =D63&" "&E63&" DE "&F63 -> 30 ENERO DE 2021 | T63: =J63&" "&K63&" DE "&L63 -> 16 MARZO DE 2024 | U63: 2 | V63: 225 | W63: 450
A64: 56 | B64: VALENTIN MONREAL SOLORZANO | D64: 12 | E64: MARZO | F64: 2023 | G64: HERMOSILLO, SONORA | H64: RODOLFO MONREAL CIRLOS | I64: SILVIA GUADALUPE SOLORZANO MONGE | J64: 16 | K64: MARZO | L64: 2024 | M64: PBRO. GERARDO CAMACHO PONCE | N64: MARIA DEL CARMEN MIRANDA VERDUGO | P64: GERARDO CAMACHO PONCE | Q64: 767 | R64: =H64&" Y "&I64 -> RODOLFO MONREAL CIRLOS Y SILVIA GUADALUPE SOLORZANO MONGE | S64: =D64&" "&E64&" DE "&F64 -> 12 MARZO DE 2023 | T64: =J64&" "&K64&" DE "&L64 -> 16 MARZO DE 2024 | U64: 2 | V64: 226 | W64: 451
A65: 57 | B65: ALISSON VILLANUEVA RAMOS | D65: 14 | E65: ABRIL | F65: 2023 | G65: HERMOSILLO, SONORA | H65: DORIAN VILLANUEVA MONROY | I65: ALEJANDRA RAMOS PLASCENCIA | J65: 13 | K65: ABRIL | L65: 2024 | M65: PBRO. GERARDO CAMACHO PONCE | N65: MOISES LEONARDO RAMOS PASCENCIA | O65: ALICIA RAMOS PLASCENCIA | P65: GERARDO CAMACHO PONCE | Q65: 1183 | R65: =H65&" Y "&I65 -> DORIAN VILLANUEVA MONROY Y ALEJANDRA RAMOS PLASCENCIA | S65: =D65&" "&E65&" DE "&F65 -> 14 ABRIL DE 2023 | T65: =J65&" "&K65&" DE "&L65 -> 13 ABRIL DE 2024 | U65: 2 | V65: 226 | W65: 452
A66: 58 | B66: JORDAN ANTONIO CORDOVA ZEPEDA | D66: 23 | E66: MAYO | F66: 2023 | G66: HERMOSILLO, SONORA | H66: EDUARDO ANTONIO CORDOVA GOMEZ | I66: LLUVIA ARIANA ZOEY ZEPEDA SALINAS | J66: 24 | K66: MARZO | L66: 2024 | M66: PBRO. GERARDO CAMACHO PONCE | N66: HECTOR MANUEL FLORES ARMENTA | O66: ALMA DOLORES FERNANDEZ DUARTE | P66: GERARDO CAMACHO PONCE | Q66: 1197 | R66: =H66&" Y "&I66 -> EDUARDO ANTONIO CORDOVA GOMEZ Y LLUVIA ARIANA ZOEY ZEPEDA SALINAS | S66: =D66&" "&E66&" DE "&F66 -> 23 MAYO DE 2023 | T66: =J66&" "&K66&" DE "&L66 -> 24 MARZO DE 2024 | U66: 2 | V66: 227 | W66: 453
A67: 59 | B67: ELIANY SOFIA MARIN BARRERAS | D67: 25 | E67: ENERO | F67: 2023 | G67: HERMOSILLO, SONORA | H67: RUBEN OMAR MARIN SAINZ | I67: DIANERI LUCERO BARRERAS RIVERA | J67: 20 | K67: ABRIL | L67: 2024 | M67: PBRO. GERARDO CAMACHO PONCE | N67: JAVIER HUMBERTO MARIN SAINZ Y SACHENKA GARCIA BURGUEÑO | O67: ZAID JOSUE GRIJALVA MORENO Y ANDREA CAROLINA LAGUNA GIANINI | P67: GERARDO CAMACHO PONCE | Q67: 415 | R67: =H67&" Y "&I67 -> RUBEN OMAR MARIN SAINZ Y DIANERI LUCERO BARRERAS RIVERA | S67: =D67&" "&E67&" DE "&F67 -> 25 ENERO DE 2023 | T67: =J67&" "&K67&" DE "&L67 -> 20 ABRIL DE 2024 | U67: 2 | V67: 227 | W67: 454
A68: 60 | B68: ELIAS GUTIERREZ AVILA | D68: 20 | E68: DICIEMBRE | F68: 2023 | G68: TUCSON, ARIZONA | H68: ALAN FRANCISCO GUTIERREZ CAMPOY | I68: ESTHELA MARIA AVILA ANGUIS | J68: 11 | K68: MAYO | L68: 2024 | M68: PBRO. GERARDO CAMACHO PONCE | N68: ARIAN FERNANADO GUTIERREZ CAMPOY | O68: ANGELICA AVILA ANGUIS | P68: GERARDO CAMACHO PONCE | Q68: 37 | R68: =H68&" Y "&I68 -> ALAN FRANCISCO GUTIERREZ CAMPOY Y ESTHELA MARIA AVILA ANGUIS | S68: =D68&" "&E68&" DE "&F68 -> 20 DICIEMBRE DE 2023 | T68: =J68&" "&K68&" DE "&L68 -> 11 MAYO DE 2024 | U68: 2 | V68: 228 | W68: 455
A69: 61 | B69: RENATA ISABELLA GUZMAN ROBLES | D69: 27 | E69: JUNIO | F69: 2022 | G69: HERMOSILLO, SONORA | H69: TOMAS ALBERTO JOVANY GUZMAN BRITO | I69: MARIA EVA ROBLES ZUÑIGA | J69: 30 | K69: JUNIO | L69: 2024 | M69: PBRO. GERARDO CAMACHO PONCE | N69: RIGOBERTO HERNANDEZ RUBIO | O69: LILIA GUADALUPE GUTIERREZ MELENDREZ | P69: GERARDO CAMACHO PONCE | Q69: 1841 | R69: =H69&" Y "&I69 -> TOMAS ALBERTO JOVANY GUZMAN BRITO Y MARIA EVA ROBLES ZUÑIGA | S69: =D69&" "&E69&" DE "&F69 -> 27 JUNIO DE 2022 | T69: =J69&" "&K69&" DE "&L69 -> 30 JUNIO DE 2024 | U69: 2 | V69: 228 | W69: 456
A70: 62 | B70: DANIELA MICHELLE GONZALEZ LARA | D70: 22 | E70: JUNIO | F70: 2020 | G70: HERMOSILLO, SONORA | H70: LAZARO MANUEL GONZALEZ ANDRADE | I70: CLARA AIME LARA LOPEZ | J70: 29 | K70: JUNIO | L70: 2024 | M70: PBRO. GERARDO CAMACHO PONCE | N70: CLARA BEATRIZ LOPEZ LARA | P70: GERARDO CAMACHO PONCE | Q70: 1425 | R70: =H70&" Y "&I70 -> LAZARO MANUEL GONZALEZ ANDRADE Y CLARA AIME LARA LOPEZ | S70: =D70&" "&E70&" DE "&F70 -> 22 JUNIO DE 2020 | T70: =J70&" "&K70&" DE "&L70 -> 29 JUNIO DE 2024 | U70: 2 | V70: 229 | W70: 457
A71: 63 | B71: ALLAN FIGUEROA URIAS | D71: 14 | E71: SEPTIEMBRE | F71: 2020 | G71: HERMOSILLO, SONORA | H71: ALAN FIGUEROA VILLAVICENCIO | I71: KARLA ERNESTINA URIAS PAZ | J71: 6 | K71: JULIO | L71: 2024 | M71: PBRO. GERARDO CAMACHO PONCE | N71: COSME FIGUEROA VILLAVICENCIO | O71: LAURA PATRICIA GASTELUM GARCIA | P71: GERARDO CAMACHO PONCE | Q71: 1255 | R71: =H71&" Y "&I71 -> ALAN FIGUEROA VILLAVICENCIO Y KARLA ERNESTINA URIAS PAZ | S71: =D71&" "&E71&" DE "&F71 -> 14 SEPTIEMBRE DE 2020 | T71: =J71&" "&K71&" DE "&L71 -> 6 JULIO DE 2024 | U71: 2 | V71: 229 | W71: 458
A72: 64 | B72: AXEL FIGUEROS URIAS | D72: 18 | E72: OCTUBRE | F72: 2021 | G72: HERMOSILLO, SONORA | H72: ALAN FIGUEROA VILLAVICENCIO | I72: KARLA ERNESTINA URIAS PAZ | J72: 6 | K72: JULIO | L72: 2024 | M72: PBRO. GERARDO CAMACHO PONCE | N72: JUAN ALCALA DORAME | O72: ROSARIO GUADALUPE GALAZ VALDEZ | P72: GERARDO CAMACHO PONCE | Q72: 1577 | R72: =H72&" Y "&I72 -> ALAN FIGUEROA VILLAVICENCIO Y KARLA ERNESTINA URIAS PAZ | S72: =D72&" "&E72&" DE "&F72 -> 18 OCTUBRE DE 2021 | T72: =J72&" "&K72&" DE "&L72 -> 6 JULIO DE 2024 | U72: 2 | V72: 230 | W72: 459
A73: 65 | B73: HECTOR EDUARDO OROZCO MENDEZ | D73: 5 | E73: ABRIL | F73: 2017 | G73: HERMOSILLO, SONORA | H73: JESUS ALFONSO OROZCO ZOKY | I73: ERENDIDA LORENA MENDEZ PEÑA | J73: 10 | K73: AGOSTO | L73: 2024 | M73: PBRO. GERARDO CAMACHO PONCE | N73: KASSANDRA ACUÑA MENDEZ | P73: GERARDO CAMACHO PONCE | Q73: 1078 | R73: =H73&" Y "&I73 -> JESUS ALFONSO OROZCO ZOKY Y ERENDIDA LORENA MENDEZ PEÑA | S73: =D73&" "&E73&" DE "&F73 -> 5 ABRIL DE 2017 | T73: =J73&" "&K73&" DE "&L73 -> 10 AGOSTO DE 2024 | U73: 2 | V73: 230 | W73: 460
A74: 66 | B74: JADE ADRIANA CADILLO BORBON | D74: 19 | E74: SEPTIEMBRE | F74: 2022 | G74: HERMOSILLO, SONORA | I74: ROSELINE CADILLO BORBON | J74: 24 | K74: AGOSTO | L74: 2024 | M74: PBRO. GERARDO CAMACHO PONCE | N74: CAROLINA CADILLO CHAVEZ | O74: LORENA ANAHI LAUREANO AMARILLAS | P74: GERARDO CAMACHO PONCE | Q74: 2968 | R74: =H74&" Y "&I74 -> Y ROSELINE CADILLO BORBON | S74: =D74&" "&E74&" DE "&F74 -> 19 SEPTIEMBRE DE 2022 | T74: =J74&" "&K74&" DE "&L74 -> 24 AGOSTO DE 2024 | U74: 2 | V74: 231 | W74: 461
A75: 67 | B75: VICTORIA RAMOS RUIZ | D75: 1 | E75: SEPTIEMBRE | F75: 2023 | G75: HERMOSILLO, SONORA | H75: JACOB DANIEL RAMOS PLASCENCIA | I75: SANDRA IVONNE RUIZ PRECIADO | J75: 31 | K75: AGOSTO | L75: 2024 | M75: PBRO. GERARDO CAMACHO PONCE | N75: ROBERTO FIGUEROA PRECIADO | O75: KARLA MELINA MARDUEÑO ZAMBADA | P75: GERARDO CAMACHO PONCE | Q75: 2743 | R75: =H75&" Y "&I75 -> JACOB DANIEL RAMOS PLASCENCIA Y SANDRA IVONNE RUIZ PRECIADO | S75: =D75&" "&E75&" DE "&F75 -> 1 SEPTIEMBRE DE 2023 | T75: =J75&" "&K75&" DE "&L75 -> 31 AGOSTO DE 2024 | U75: 2 | V75: 231 | W75: 462
A76: 68 | B76: CAMILA REYES ARMENTA | D76: 10 | E76: OCTUBRE | F76: 2023 | G76: CHANDLER ARIZONA | H76: ERICK REYES BARRIENTOS | I76: MARISOL ARMENTA VARELA | J76: 7 | K76: SEPTIEMBRE | L76: 2024 | M76: PBRO. GERARDO CAMACHO PONCE | N76: JESUS ERNESTO SALCIDO NOGALES | O76: NATALY ALEJANDRA ARMENTA VARELA | P76: GERARDO CAMACHO PONCE | Q76: 2909 | R76: =H76&" Y "&I76 -> ERICK REYES BARRIENTOS Y MARISOL ARMENTA VARELA | S76: =D76&" "&E76&" DE "&F76 -> 10 OCTUBRE DE 2023 | T76: =J76&" "&K76&" DE "&L76 -> 7 SEPTIEMBRE DE 2024 | U76: 2 | V76: 231 | W76: 463
A77: 69 | B77: BRYAN ALAN GARCIA QUIJADA | D77: 23 | E77: SEPTIEMBRE | F77: 2018 | G77: HERMOSILLO, SONORA | H77: BRYAN ALAN GARCIA CORRAL | I77: PERLA ABIGAIL QUIJADA AMPARANO | J77: 21 | K77: SEPTIEMBRE | L77: 2024 | M77: PBRO. GERARDO CAMACHO PONCE | N77: ISIDRA CORRAL LION | P77: GERARDO CAMACHO PONCE | Q77: 3682 | R77: =H77&" Y "&I77 -> BRYAN ALAN GARCIA CORRAL Y PERLA ABIGAIL QUIJADA AMPARANO | S77: =D77&" "&E77&" DE "&F77 -> 23 SEPTIEMBRE DE 2018 | T77: =J77&" "&K77&" DE "&L77 -> 21 SEPTIEMBRE DE 2024 | U77: 2 | V77: 232 | W77: 464
A78: 70 | B78: IRLANDA AIRANNI | D78: 8 | E78: OCTUBRE | F78: 2023 | G78: HERMOSILLO, SONORA | H78: JAVIER GARDUÑO REYES | I78: GUADALUPE IRLANDA QUEVEDO GARCIA | J78: 12 | K78: OCTUBRE | L78: 2024 | M78: PBRO. GERARDO CAMACHO PONCE | N78: TRINIDAD GUADALUPE MONTES FLORES | O78: DAYRA LIZANIA MURRIETA GARCIA | P78: GERARDO CAMACHO PONCE | Q78: 2404 | R78: =H78&" Y "&I78 -> JAVIER GARDUÑO REYES Y GUADALUPE IRLANDA QUEVEDO GARCIA | S78: =D78&" "&E78&" DE "&F78 -> 8 OCTUBRE DE 2023 | T78: =J78&" "&K78&" DE "&L78 -> 12 OCTUBRE DE 2024 | U78: 2 | V78: 233 | W78: 465
A79: 71 | B79: LUA VIOLETA LANDA ROMO | D79: 21 | E79: OCTUBRE | F79: 2023 | G79: HERMOSILLO, SONORA | H79: LEONARDO LANDA ACOSTA | I79: VIOLETA CECILIA ROMO AGARCIA | J79: 20 | K79: OCTUBRE | L79: 2024 | M79: PBRO. GERARDO CAMACHO PONCE | N79: MARIA FERNANDA ROMO GARCIA | O79: ANAY LANDA ACOSTA | P79: GERARDO CAMACHO PONCE | Q79: 2732 | R79: =H79&" Y "&I79 -> LEONARDO LANDA ACOSTA Y VIOLETA CECILIA ROMO AGARCIA | S79: =D79&" "&E79&" DE "&F79 -> 21 OCTUBRE DE 2023 | T79: =J79&" "&K79&" DE "&L79 -> 20 OCTUBRE DE 2024 | U79: 2 | V79: 233 | W79: 466
A80: 72 | B80: THAILY KARIME BEJARANO FIERRO | D80: 12 | E80: JUNIO | F80: 2013 | G80: CULIACAN SINALOA | H80: MARCOS ANTONIO BEJARANO ANGULO | I80: KARINA ASUCENA FIERRO RAMIREZ | J80: 26 | K80: OCTUBRE | L80: 2024 | M80: PBRO. GERARDO CAMACHO PONCE | N80: CRISTIAN BEJARANO ANGULO | O80: KATIA SELENE BEJARANO ANGULO | P80: GERARDO CAMACHO PONCE | Q80: 13 | R80: =H80&" Y "&I80 -> MARCOS ANTONIO BEJARANO ANGULO Y KARINA ASUCENA FIERRO RAMIREZ | S80: =D80&" "&E80&" DE "&F80 -> 12 JUNIO DE 2013 | T80: =J80&" "&K80&" DE "&L80 -> 26 OCTUBRE DE 2024 | U80: 2 | V80: 234 | W80: 467
A81: 73 | B81: MARIA VALENTINA SALAS CORRAL | D81: 30 | E81: OCTUBRE | F81: 2023 | G81: HERMOSILLO, SONORA | H81: JESUS RAMON SALAS NIDO | I81: MARISA DAFNE CORRAL RUEDA | J81: 27 | K81: OCTUBRE | L81: 2024 | M81: PBRO. GERARDO CAMACHO PONCE | N81: CARLOS OMAR AMADOR SOTO | O81: JASMIN TERESITA SALAS NIDO | P81: GERARDO CAMACHO PONCE | Q81: 2738 | R81: =H81&" Y "&I81 -> JESUS RAMON SALAS NIDO Y MARISA DAFNE CORRAL RUEDA | S81: =D81&" "&E81&" DE "&F81 -> 30 OCTUBRE DE 2023 | T81: =J81&" "&K81&" DE "&L81 -> 27 OCTUBRE DE 2024 | U81: 2 | V81: 234 | W81: 468
A82: 74 | B82: ZAID ILDEFONSO GALAVIZ SANTANA | D82: 11 | E82: NOVIEMBRE | F82: 2022 | G82: HERMOSILLO, SONORA | H82: JESUS ALBERTO GALAVIZ VALDEZ | I82: MAYRA SANTANA GARDUÑO | J82: 9 | K82: NOVIEMBRE | L82: 2024 | M82: PBRO. GERARDO CAMACHO PONCE | N82: JOSE ROBERTO GARDUÑO GARFIAS | O82: DIANA LUCIA GARDUÑO GARFIAS | P82: GERARDO CAMACHO PONCE | Q82: 1117 | R82: =H82&" Y "&I82 -> JESUS ALBERTO GALAVIZ VALDEZ Y MAYRA SANTANA GARDUÑO | S82: =D82&" "&E82&" DE "&F82 -> 11 NOVIEMBRE DE 2022 | T82: =J82&" "&K82&" DE "&L82 -> 9 NOVIEMBRE DE 2024 | U82: 2 | V82: 235 | W82: 469
A83: 75 | B83: SAUL ARMANDO VILLALPANDO SANTOS | D83: 8 | E83: NOVIEMBRE | F83: 2023 | G83: HERMOSILLO, SONORA | H83: CARLOS ARMANDO VILLALPANDO SESMA | I83: MABEL ALEJANDRA SANTOS ESPINOZA | J83: 24 | K83: NOVIEMBRE | L83: 2024 | M83: PBRO. GERARDO CAMACHO PONCE | N83: SALVADOR SILVAS MARTINEZ | O83: CINTHIA DAHENA VARELA GARCIA | P83: GERARDO CAMACHO PONCE | Q83: 2653 | R83: =H83&" Y "&I83 -> CARLOS ARMANDO VILLALPANDO SESMA Y MABEL ALEJANDRA SANTOS ESPINOZA | S83: =D83&" "&E83&" DE "&F83 -> 8 NOVIEMBRE DE 2023 | T83: =J83&" "&K83&" DE "&L83 -> 24 NOVIEMBRE DE 2024 | U83: 2 | V83: 235 | W83: 470
A84: 76 | B84: NICOLAS RAFAEL RAMIREZ GRIJALVA | D84: 13 | E84: NOVIEMBRE | F84: 2023 | G84: HERMOSILLO, SONORA | H84: RAFAEL RAMIREZ VALDEZ | I84: ALEJANDRA GRIJALVA MUÑOZ | J84: 30 | K84: NOVIEMBRE | L84: 2024 | M84: PBRO. GERARDO CAMACHO PONCE | N84: REY DAVID RAMIREZ VALDEZ | O84: KARLA MORALES MUÑOZ | P84: GERARDO CAMACHO PONCE | Q84: 2681 | R84: =H84&" Y "&I84 -> RAFAEL RAMIREZ VALDEZ Y ALEJANDRA GRIJALVA MUÑOZ | S84: =D84&" "&E84&" DE "&F84 -> 13 NOVIEMBRE DE 2023 | T84: =J84&" "&K84&" DE "&L84 -> 30 NOVIEMBRE DE 2024 | U84: 2 | V84: 236 | W84: 471
A85: 77 | B85: ALEJANDRO CORONADO VAZQUEZ | D85: 27 | E85: NOVIEMBRE | F85: 2023 | G85: HERMOSILLO, SONORA | H85: ALEJANDRO CORONADO ESPINOZA | I85: DENISSE ABIGAIL VAZQUEZ PEREZ | J85: 30 | K85: NOVIEMBRE | L85: 2024 | M85: PBRO. GERARDO CAMACHO PONCE | N85: EMILIO ALONSO NAPOLES PEREZ | O85: LIZETH PAOLA SONOQUI LOPEZ | P85: GERARDO CAMACHO PONCE | Q85: 2774 | R85: =H85&" Y "&I85 -> ALEJANDRO CORONADO ESPINOZA Y DENISSE ABIGAIL VAZQUEZ PEREZ | S85: =D85&" "&E85&" DE "&F85 -> 27 NOVIEMBRE DE 2023 | T85: =J85&" "&K85&" DE "&L85 -> 30 NOVIEMBRE DE 2024 | U85: 2 | V85: 236 | W85: 472
A86: 78 | B86: DAMIAN ALEXANDER CAÑEZ CHAVEZ | D86: 3 | E86: DICIEMBRE | F86: 2016 | G86: HERMOSILLO, SONORA | H86: DAMIAN CAÑEZ NORIEGA | I86: ALMA JUDITH CHAVEZ QUEZADA | J86: 14 | K86: DICIEMBRE | L86: 2024 | M86: PBRO. GERARDO CAMACHO PONCE | N86: PEDRO LUIS CASTILLO LEON | O86: CECILIA LEON BERNAL | P86: GERARDO CAMACHO PONCE | Q86: 1590 | R86: =H86&" Y "&I86 -> DAMIAN CAÑEZ NORIEGA Y ALMA JUDITH CHAVEZ QUEZADA | S86: =D86&" "&E86&" DE "&F86 -> 3 DICIEMBRE DE 2016 | T86: =J86&" "&K86&" DE "&L86 -> 14 DICIEMBRE DE 2024 | U86: 2 | V86: 237 | W86: 473
A87: 79 | B87: NATHALY LOPEZ LEON | D87: 14 | E87: DICIEMBRE | F87: 2022 | G87: HERMOSILLO, SONORA | H87: JONATHAN AARON LOPEZ MARTINEZ | I87: RITA LILIANA LEON HIDALGO | J87: 14 | K87: DICIEMBRE | L87: 2024 | M87: PBRO. GERARDO CAMACHO PONCE | N87: JOSE VALENZUELA ACUÑA | O87: JAZMIN LIZETH HIDALGO HERNANDEZ | P87: GERARDO CAMACHO PONCE | Q87: 93 | R87: =H87&" Y "&I87 -> JONATHAN AARON LOPEZ MARTINEZ Y RITA LILIANA LEON HIDALGO | S87: =D87&" "&E87&" DE "&F87 -> 14 DICIEMBRE DE 2022 | T87: =J87&" "&K87&" DE "&L87 -> 14 DICIEMBRE DE 2024 | U87: 2 | V87: 237 | W87: 474
A88: 80 | B88: ISAID RENE LUZANIA LEDGARD | D88: 15 | E88: DICIEMBRE | F88: 2022 | G88: HERMOSILLO, SONORA | H88: JOSE RENE LUZANIA GAMEZ | I88: MICHELLE VIRIDIANA LEDGARD ACUÑA | J88: 14 | K88: DICIEMBRE | L88: 2024 | M88: PBRO. GERARDO CAMACHO PONCE | N88: MARIO ALAN LEDGARD ACUÑA | O88: MONICA VIANCA LUZANIA GAMEZ | P88: GERARDO CAMACHO PONCE | Q88: 3545 | R88: =H88&" Y "&I88 -> JOSE RENE LUZANIA GAMEZ Y MICHELLE VIRIDIANA LEDGARD ACUÑA | S88: =D88&" "&E88&" DE "&F88 -> 15 DICIEMBRE DE 2022 | T88: =J88&" "&K88&" DE "&L88 -> 14 DICIEMBRE DE 2024 | U88: 2 | V88: 238 | W88: 475
B89: BAUTIZOS DEL 2025 | T89: =J89&" "&K89&" DE "&L89 -> DE
A90: 81 | B90: JOEL FERNANDO CORRAL GAONA | D90: 30 | E90: MARZO | F90: 2024 | G90: HERMOSILLO, SONORA | H90: JOSE FERNANDO CORRAL GADEA | I90: JOELIZ ANDREYNA GAONA HARO | J90: 4 | K90: ENERO | L90: 2025 | M90: PBRO. GERARDO CAMACHO PONCE | N90: DANIEL ANTONIO MORENO RIOS | O90: ROBERTA ALEJANDRA ROCHA RODRIGUEZ | P90: GERARDO CAMACHO PONCE | Q90: 916 | R90: =H90&" Y "&I90 -> JOSE FERNANDO CORRAL GADEA Y JOELIZ ANDREYNA GAONA HARO | S90: =D90&" "&E90&" DE "&F90 -> 30 MARZO DE 2024 | T90: =J90&" "&K90&" DE "&L90 -> 4 ENERO DE 2025 | U90: 2 | V90: 238 | W90: 476
A91: 82 | B91: EMMANUEL VARGAS RODRIGUEZ | D91: 20 | E91: SEPTIEMBRE | F91: 2024 | G91: HERMOSILLO, SONORA | H91: EDGAR MANUEL VARGAS MENDOZA | I91: MARIA PAULINA RODRIGUEZ LARA | J91: 25 | K91: ENERO | L91: 2025 | M91: PBRO. GERARDO CAMACHO PONCE | N91: ALEJANDRO VARGAS MENDOZA | O91: ANA MARIA GONZALEZ ARMENTA | P91: GERARDO CAMACHO PONCE | Q91: 2232 | R91: =H91&" Y "&I91 -> EDGAR MANUEL VARGAS MENDOZA Y MARIA PAULINA RODRIGUEZ LARA | S91: =D91&" "&E91&" DE "&F91 -> 20 SEPTIEMBRE DE 2024 | T91: =J91&" "&K91&" DE "&L91 -> 25 ENERO DE 2025 | U91: 2 | V91: 239 | W91: 477
A92: 83 | B92: MARIA JOSE SANCHEZ ROSAS | D92: 27 | E92: SEPTIEMBRE | F92: 2024 | G92: HERMOSILLO, SONORA | H92: JOSE ADOLFO SANCHEZ SIQUEIROS | I92: NORMA ROSAS VALENZUELA | J92: 2 | K92: FEBRERO | L92: 2025 | M92: PBRO. GERARDO CAMACHO PONCE | N92: LEONEL GONZALEZ CORNEJO | O92: LORENIA CAZARES VALENZUELA | P92: GERARDO CAMACHO PONCE | Q92: 2673 | R92: =H92&" Y "&I92 -> JOSE ADOLFO SANCHEZ SIQUEIROS Y NORMA ROSAS VALENZUELA | S92: =D92&" "&E92&" DE "&F92 -> 27 SEPTIEMBRE DE 2024 | T92: =J92&" "&K92&" DE "&L92 -> 2 FEBRERO DE 2025 | U92: 2 | V92: 239 | W92: 478
A93: 84 | B93: GEORGINA AMAYA GONZALEZ | D93: 6 | E93: AGOSTO | F93: 2024 | G93: HERMOSILLO, SONORA | H93: DIEGO VALENTE AMAYA TRUJILLO | I93: EDISA GEORGINA GONZALEZ ALMADA | J93: 22 | K93: FEBRERO | L93: 2025 | M93: PBRO. GERARDO CAMACHO PONCE | N93: ORLANDO RIOS MENDIVIL | O93: ILIA SUHEI GONZALEZ ALMADA | P93: GERARDO CAMACHO PONCE | Q93: 1315 | R93: =H93&" Y "&I93 -> DIEGO VALENTE AMAYA TRUJILLO Y EDISA GEORGINA GONZALEZ ALMADA | S93: =D93&" "&E93&" DE "&F93 -> 6 AGOSTO DE 2024 | T93: =J93&" "&K93&" DE "&L93 -> 22 FEBRERO DE 2025 | U93: 2 | V93: 240 | W93: 479
A94: 85 | B94: JESUS EMILIANO ROJO BRACAMONTE | D94: 28 | E94: FEBRERO | F94: 2023 | G94: HERMOSILLO, SONORA | H94: JESUS MARTIN ROJO RUELAS | I94: GENESIS RUBY BRACAMONTE ARVIZU | J94: 1 | K94: MARZO | L94: 2025 | M94: PBRO. GERARDO CAMACHO PONCE | N94: JUAN FRANCISCO ROJO RUELAS | O94: ITZEL GUADALUPE RUIZ DANIEL | P94: GERARDO CAMACHO PONCE | Q94: 885 | R94: =H94&" Y "&I94 -> JESUS MARTIN ROJO RUELAS Y GENESIS RUBY BRACAMONTE ARVIZU | S94: =D94&" "&E94&" DE "&F94 -> 28 FEBRERO DE 2023 | T94: =J94&" "&K94&" DE "&L94 -> 1 MARZO DE 2025 | U94: 2 | V94: 240 | W94: 480
A95: 86 | B95: NAOMI ALEXANDRA QUINTERO CASTILLO | D95: 18 | E95: ABRIL | F95: 2013 | G95: HERMOSILLO, SONORA | H95: ADRIAN ALEJANDRO QUINTERO AGUIRRE | I95: BRENDA LIZETH CASTILLO VALENZUELA | J95: 15 | K95: MARZO | L95: 2025 | M95: PBRO. GERARDO CAMACHO PONCE | N95: FRANCISCO CARLOS CASTILLO SALCIDO | O95: YOLANDA VALENZUELA ALVARADO | P95: GERARDO CAMACHO PONCE | Q95: 1899 | R95: =H95&" Y "&I95 -> ADRIAN ALEJANDRO QUINTERO AGUIRRE Y BRENDA LIZETH CASTILLO VALENZUELA | S95: =D95&" "&E95&" DE "&F95 -> 18 ABRIL DE 2013 | T95: =J95&" "&K95&" DE "&L95 -> 15 MARZO DE 2025 | U95: 2 | V95: 241 | W95: 481
A96: 87 | B96: ANA PAULA CABANILLAS ORTIZ | D96: 19 | E96: JUNIO | F96: 2024 | G96: HERMOSILLO, SONORA | H96: GUADALUPE CABANILLAS SAVEEDRA | I96: ANA GABRIELA ORTIZ RIOS | J96: 16 | K96: MARZO | L96: 2025 | M96: PBRO. GERARDO CAMACHO PONCE | N96: FRANCISCO MANUEL AMARAL BRACAMONTE | O96: CARMEN ANDREA ORTIZ RIOS | P96: GERARDO CAMACHO PONCE | Q96: 1026 | R96: =H96&" Y "&I96 -> GUADALUPE CABANILLAS SAVEEDRA Y ANA GABRIELA ORTIZ RIOS | S96: =D96&" "&E96&" DE "&F96 -> 19 JUNIO DE 2024 | T96: =J96&" "&K96&" DE "&L96 -> 16 MARZO DE 2025 | U96: 2 | V96: 241 | W96: 482
A97: 88 | B97: BARBARA ATONDO MOLINA | D97: 19 | E97: AGOSTO | F97: 2024 | G97: HERMOSILLO, SONORA | H97: JOSE ALFREDO ATONDO PEREA | I97: YASMIN ESMERALDA MOLINA GONZALEZ | J97: 16 | K97: MARZO | L97: 2025 | M97: PBRO. GERARDO CAMACHO PONCE | N97: SEBASTIAN PEREA CONTRERAS | O97: ALEXIS LUCIA GONZALEZ LOPEZ | P97: GERARDO CAMACHO PONCE | Q97: 2244 | R97: =H97&" Y "&I97 -> JOSE ALFREDO ATONDO PEREA Y YASMIN ESMERALDA MOLINA GONZALEZ | S97: =D97&" "&E97&" DE "&F97 -> 19 AGOSTO DE 2024 | T97: =J97&" "&K97&" DE "&L97 -> 16 MARZO DE 2025 | U97: 2 | V97: 242 | W97: 483
A98: 89 | B98: ANNA LUCIA YAÑEZ AVILES | D98: 14 | E98: MARZO | F98: 2024 | G98: HERMOSILLO, SONORA | H98: SAUL YAÑEZ CANIZALEZ | I98: CYNTHIA KARINA AVILES CORDOVA | J98: 30 | K98: MARZO | L98: 2025 | M98: PBRO. GERARDO CAMACHO PONCE | N98: RONALD OSUNA ARDINEZ | O98: RUTH ALEJANDRA MOLINA BALLESTEROS | P98: GERARDO CAMACHO PONCE | Q98: 534 | R98: =H98&" Y "&I98 -> SAUL YAÑEZ CANIZALEZ Y CYNTHIA KARINA AVILES CORDOVA | S98: =D98&" "&E98&" DE "&F98 -> 14 MARZO DE 2024 | T98: =J98&" "&K98&" DE "&L98 -> 30 MARZO DE 2025 | U98: 2 | V98: 242 | W98: 484
A99: 90 | B99: EDITH PEREZ LOPEZ | D99: 5 | E99: NOVIEMBRE | F99: 1976 | G99: VERACRUZ, VERACRUZ | H99: CAMILO PEREZ TRINIDAD | I99: PETRONA LOPEZ RAMIREZ | J99: 19 | K99: ABRIL | L99: 2025 | M99: PBRO. GERARDO CAMACHO PONCE | N99: JUANA VALERIO VEGA | P99: GERARDO CAMACHO PONCE | Q99: 5333 | R99: =H99&" Y "&I99 -> CAMILO PEREZ TRINIDAD Y PETRONA LOPEZ RAMIREZ | S99: =D99&" "&E99&" DE "&F99 -> 5 NOVIEMBRE DE 1976 | T99: =J99&" "&K99&" DE "&L99 -> 19 ABRIL DE 2025 | U99: 2 | V99: 243 | W99: 485
A100: 91 | B100: MANUEL CAMPOS SALGADO | D100: 18 | E100: SEPTIEMBRE | F100: 1980 | G100: LA PAZ, BAJA CLIFOTNIA SUR | H100: MANUEL CAMPOS ESTRADA | I100: GUADALUPE SALGADO DE CAMPOS | J100: 19 | K100: ABRIL | L100: 2025 | M100: PBRO. GERARDO CAMACHO PONCE | N100: GUILLERMO RIVAS FENECH | P100: GERARDO CAMACHO PONCE | Q100: 3042 | R100: =H100&" Y "&I100 -> MANUEL CAMPOS ESTRADA Y GUADALUPE SALGADO DE CAMPOS | S100: =D100&" "&E100&" DE "&F100 -> 18 SEPTIEMBRE DE 1980 | T100: =J100&" "&K100&" DE "&L100 -> 19 ABRIL DE 2025 | U100: 2 | V100: 243 | W100: 486
A101: 92 | B101: TERESA DE JESUS QUINTANA ZARATE | D101: 15 | E101: OCTUBRE | F101: 1975 | G101: CD. OBREGON, SONORA | H101: CRUZ QUINTANA | I101: RAMONA ZARATE | J101: 19 | K101: ABRIL | L101: 2025 | M101: PBRO. GERARDO CAMACHO PONCE | N101: ISIDRA CECILIA MACHADO ROMO | P101: GERARDO CAMACHO PONCE | Q101: 641 | R101: =H101&" Y "&I101 -> CRUZ QUINTANA Y RAMONA ZARATE | S101: =D101&" "&E101&" DE "&F101 -> 15 OCTUBRE DE 1975 | T101: =J101&" "&K101&" DE "&L101 -> 19 ABRIL DE 2025 | U101: 2 | V101: 244 | W101: 487
A102: 93 | B102: CRISTOPHER LUCA LEON VALENZUELA | D102: 3 | E102: AGOSTO | F102: 2024 | G102: HERMOSILLO, SONORA | H102: OSCAR JAVIER LEON VALDEZ | I102: CINTHYA ALEJANDRA VALENZUELA LEON | J102: 20 | K102: ABRIL | L102: 2025 | M102: PBRO. GERARDO CAMACHO PONCE | N102: JORGE ERVEY RODRIGUEZ VALENZUELA | O102: ANDREA NAYELI VALENZUELA VALENZUELA | P102: GERARDO CAMACHO PONCE | Q102: 2086 | R102: =H102&" Y "&I102 -> OSCAR JAVIER LEON VALDEZ Y CINTHYA ALEJANDRA VALENZUELA LEON | S102: =D102&" "&E102&" DE "&F102 -> 3 AGOSTO DE 2024 | T102: =J102&" "&K102&" DE "&L102 -> 20 ABRIL DE 2025 | U102: 2 | V102: 244 | W102: 488
A103: 94 | B103: AXEL GARCIA ALCARAZ | D103: 4 | E103: ENERO | F103: 2022 | G103: HERMOSILLO, SONORA | H103: JUAN ESTEBAN GARCIA PEREZ | I103: ALEJANDRA ALCARAZ LAFARGA | J103: 27 | K103: ABRIL | L103: 2025 | M103: PBRO. GERARDO CAMACHO PONCE | N103: JUAN DANIEL HERMOSILLO LAFARGA | O103: SONIA GUADALUPE CAMPA JIMENEZ | P103: GERARDO CAMACHO PONCE | Q103: 99 | R103: =H103&" Y "&I103 -> JUAN ESTEBAN GARCIA PEREZ Y ALEJANDRA ALCARAZ LAFARGA | S103: =D103&" "&E103&" DE "&F103 -> 4 ENERO DE 2022 | T103: =J103&" "&K103&" DE "&L103 -> 27 ABRIL DE 2025 | U103: 2 | V103: 245 | W103: 489
A104: 95 | B104: REGINA CARBALLO ESPERICUETA | D104: 3 | E104: MAYO | F104: 2024 | G104: HERMOSILLO, SONORA | H104: DAVID CARBALLO VARELA | I104: KIARA ESTEFANIA ESPERICUETA MESTA | J104: 4 | K104: MAYO | L104: 2025 | M104: PBRO. GERARDO CAMACHO PONCE | N104: ORLANDO ALEJANDRO FLORES MESTA | O104: ASHELY JAZMIN ESPERICUETA MESTA | P104: GERARDO CAMACHO PONCE | Q104: 1384 | R104: =H104&" Y "&I104 -> DAVID CARBALLO VARELA Y KIARA ESTEFANIA ESPERICUETA MESTA | S104: =D104&" "&E104&" DE "&F104 -> 3 MAYO DE 2024 | T104: =J104&" "&K104&" DE "&L104 -> 4 MAYO DE 2025 | U104: 2 | V104: 245 | W104: 490
A105: 96 | B105: IVANNA AMADOR CORONADO | D105: 15 | E105: NOVIEMBRE | F105: 2014 | G105: HERMOSILLO, SONORA | H105: TUTOR - BRENDA JUDITH GRIJALVA ORTEGA | J105: 17 | K105: MAYO | L105: 2025 | M105: PBRO. GERARDO CAMACHO PONCE | N105: MARIA CRISTINA SALAZAR MARTINEZ, DOLORES ENRIQUETA LAGARDA DEL CASTILLO | O105: NORAH MARGARITA FIGUEROA SANTOYO | P105: GERARDO CAMACHO PONCE | Q105: 752 | R105: =H105&" Y "&I105 -> TUTOR - BRENDA JUDITH GRIJALVA ORTEGA Y | S105: =D105&" "&E105&" DE "&F105 -> 15 NOVIEMBRE DE 2014 | T105: =J105&" "&K105&" DE "&L105 -> 17 MAYO DE 2025 | U105: 2 | V105: 246 | W105: 491
A106: 97 | B106: NADIA DARYNKA CORRAL VEGA | D106: 18 | E106: OCTUBRE | F106: 2012 | G106: HERMOSILLO, SONORA | H106: NADIA MELANIA CORRAL VEGA | J106: 18 | K106: OCTUBRE | L106: 2013 | M106: PBRO. GERARDO CAMACHO PONCE | N106: RAMON ENRIQUE CORRAL VEGA Y ALICIA VALLE BARTOLINI | O106: MONICA MORALES RODRIGUEZ Y MARCO VINICIO VEGA LOPEZ | P106: GERARDO CAMACHO PONCE | Q106: 113 | R106: =H106&" Y "&I106 -> NADIA MELANIA CORRAL VEGA Y | S106: =D106&" "&E106&" DE "&F106 -> 18 OCTUBRE DE 2012 | T106: =J106&" "&K106&" DE "&L106 -> 18 OCTUBRE DE 2013 | U106: 2 | V106: 246 | W106: 492
A107: 98 | B107: EDSIVAN JACOME MARTINEZ | D107: 28 | E107: ENERO | F107: 2015 | G107: HERMOSILLO, SONORA | H107: ARTURO JACOME ROBLES | I107: ERIKA MARTINEZ CALERA | J107: 23 | K107: MAYO | L107: 2025 | M107: PBRO. GERARDO CAMACHO PONCE | N107: DIEGO HEBRENEK MORALES CASTRO | O107: SUSANA ELIZABETH LIZARRAGA CORONADO | P107: GERARDO CAMACHO PONCE | Q107: 509 | R107: =H107&" Y "&I107 -> ARTURO JACOME ROBLES Y ERIKA MARTINEZ CALERA | S107: =D107&" "&E107&" DE "&F107 -> 28 ENERO DE 2015 | T107: =J107&" "&K107&" DE "&L107 -> 23 MAYO DE 2025 | U107: 2 | V107: 247 | W107: 493
A108: 99 | B108: EMMANUEL TORRECILLAS ACEDO | D108: 22 | E108: MARZO | F108: 2020 | G108: HERMOSILLO, SONORA | H108: CHRISTIAN TORRECILLAS GARZA | I108: BRISENA ACEDO LOPEZ | J108: 17 | K108: MAYO | L108: 2025 | M108: PBRO. GERARDO CAMACHO PONCE | N108: ILDEGARDO ACEDO LOPEZ | O108: DAMARIS YOANA GUERRERO CONTRERAS | P108: GERARDO CAMACHO PONCE | Q108: 468 | R108: =H108&" Y "&I108 -> CHRISTIAN TORRECILLAS GARZA Y BRISENA ACEDO LOPEZ | S108: =D108&" "&E108&" DE "&F108 -> 22 MARZO DE 2020 | T108: =J108&" "&K108&" DE "&L108 -> 17 MAYO DE 2025 | U108: 2 | V108: 247 | W108: 494
A109: 100 | B109: SARAH CORRALES BOGUE | D109: 23 | E109: OCTUBRE | F109: 2024 | G109: HERMOSILLO, SONORA | H109: FERNANDO COARRALES SALAZAR | I109: ANA MARIA BOGUE BARRON | J109: 24 | K109: MAYO | L109: 2025 | M109: PBRO. GERARDO CAMACHO PONCE | N109: MARISELA LOPEZ | O109: LUCIA FERNANDA CORRALES SALAZAR | P109: GERARDO CAMACHO PONCE | Q109: 1799 | R109: =H109&" Y "&I109 -> FERNANDO COARRALES SALAZAR Y ANA MARIA BOGUE BARRON | S109: =D109&" "&E109&" DE "&F109 -> 23 OCTUBRE DE 2024 | T109: =J109&" "&K109&" DE "&L109 -> 24 MAYO DE 2025 | U109: 2 | V109: 248 | W109: 495
A110: 101 | B110: DANNA PHOEBE DELGADILLO MARIÑEZ | D110: 7 | E110: JUNIO | F110: 2023 | G110: HERMOSILLO, SONORA | H110: FRANCISCO JAVIER DELGADILLO HERNANDEZ | I110: DIANA PHOEBE MARIÑEZ RENTERIA | J110: 7 | K110: JUNIO | L110: 2025 | M110: PBRO. GERARDO CAMACHO PONCE | N110: ABELARDO SOTO LIZARRAGA | O110: JAQUELINE NICOLE RUIZ MARTINEZ | P110: GERARDO CAMACHO PONCE | Q110: 1277 | R110: =H110&" Y "&I110 -> FRANCISCO JAVIER DELGADILLO HERNANDEZ Y DIANA PHOEBE MARIÑEZ RENTERIA | S110: =D110&" "&E110&" DE "&F110 -> 7 JUNIO DE 2023 | T110: =J110&" "&K110&" DE "&L110 -> 7 JUNIO DE 2025 | U110: 2 | V110: 248 | W110: 496
A111: 102 | B111: LIA VICTORIA FLORES VEGA | D111: 4 | E111: OCTUBRE | F111: 2022 | G111: HERMOSILLO, SONORA | H111: MIGUEL EMILIANO FLORES VALDEZ | I111: KENIA GUADALUPE VEGA VEGA | J111: 7 | K111: JUNIO | L111: 2025 | M111: PBRO. GERARDO CAMACHO PONCE | N111: JUAN RAFAEL VEGA VEGA | O111: MARIA FERNANDA VEGA CORRAL | P111: GERARDO CAMACHO PONCE | Q111: 3354 | R111: =H111&" Y "&I111 -> MIGUEL EMILIANO FLORES VALDEZ Y KENIA GUADALUPE VEGA VEGA | S111: =D111&" "&E111&" DE "&F111 -> 4 OCTUBRE DE 2022 | T111: =J111&" "&K111&" DE "&L111 -> 7 JUNIO DE 2025 | U111: 2 | V111: 249 | W111: 497
A112: 103 | B112: ADAN OSIEL GARCIA HERRERA | D112: 2 | E112: JULIO | F112: 2023 | G112: HERMOSILLO, SONORA | H112: FAUSTO FRANCISCO GARCIA BRAY | I112: ROXANA MARISOL HERRERA ENRIQUEZ | J112: 28 | K112: JUNIO | L112: 2025 | M112: PBRO. GERARDO CAMACHO PONCE | N112: JESUS RAUL GONZALEZ FLORES | O112: ALEJANDRA CAROLINA HERRERA ENRIQUEZ | P112: GERARDO CAMACHO PONCE | Q112: 855 | R112: =H112&" Y "&I112 -> FAUSTO FRANCISCO GARCIA BRAY Y ROXANA MARISOL HERRERA ENRIQUEZ | S112: =D112&" "&E112&" DE "&F112 -> 2 JULIO DE 2023 | T112: =J112&" "&K112&" DE "&L112 -> 28 JUNIO DE 2025 | U112: 2 | V112: 249 | W112: 498
A113: 104 | B113: ELLIOT HALIL ACOSTA VALENZUELA | D113: 28 | E113: JULIO | F113: 2023 | G113: LOS ANGELES CALIFORNIA | H113: NUIT HADIT ACOSTA VALENZUELA | J113: 1 | K113: JULIO | L113: 2025 | M113: PBRO. GERARDO CAMACHO PONCE | N113: JESUS VALENZUELA VAZQUEZ | O113: ISABEL SOTO DEL HOYO | P113: GERARDO CAMACHO PONCE | Q113: 3342 | R113: =#REF!&" Y "&H113 -> #REF! | S113: =D113&" "&E113&" DE "&F113 -> 28 JULIO DE 2023 | T113: =J113&" "&K113&" DE "&L113 -> 1 JULIO DE 2025 | U113: 2 | V113: 250 | W113: 499
A114: 105 | B114: MAXIMO FELIX OTERO | D114: 25 | E114: NOVIEMBRE | F114: 2018 | G114: GUAYMAS, SONORA | H114: FRANCISCO JAVIER FELIX BUSTAMANTE | I114: KRISTAL OMARA OTERO LOPEZ | J114: 20 | K114: JULIO | L114: 2025 | M114: PBRO. GERARDO CAMACHO PONCE | N114: VALERIA FLORES BUSTAMANTE | P114: GERARDO CAMACHO PONCE | Q114: 1623 | R114: =H114&" Y "&I114 -> FRANCISCO JAVIER FELIX BUSTAMANTE Y KRISTAL OMARA OTERO LOPEZ | S114: =D114&" "&E114&" DE "&F114 -> 25 NOVIEMBRE DE 2018 | T114: =J114&" "&K114&" DE "&L114 -> 20 JULIO DE 2025 | U114: 2 | V114: 250 | W114: 500
A115: 106 | B115: VICTOR BLADIMIR NUÑEZ GONZALEZ | D115: 7 | E115: AGOSTO | F115: 2024 | G115: HERMOSILLO, SONORA | H115: BLADIMIR ALEJANDRO NUÑEZ GATTAZ | I115: MARIANE ANGELIKA GONZALEZ GAMBA | J115: 6 | K115: AGOSTO | L115: 2025 | M115: PBRO. GERARDO CAMACHO PONCE | N115: JOSE VICTOR LEYVA PINEDA | O115: MELANIE DE JESUS GONZALEZ GAMBA | P115: GERARDO CAMACHO PONCE | Q115: 2643 | R115: =H115&" Y "&I115 -> BLADIMIR ALEJANDRO NUÑEZ GATTAZ Y MARIANE ANGELIKA GONZALEZ GAMBA | S115: =D115&" "&E115&" DE "&F115 -> 7 AGOSTO DE 2024 | T115: =J115&" "&K115&" DE "&L115 -> 6 AGOSTO DE 2025 | U115: 2 | V115: 251 | W115: 501
A116: 107 | B116: ALISSON ESQUER ANGULO | D116: 10 | E116: AGOSTO | F116: 2024 | G116: HERMOSILLO, SONORA | H116: PEDRO ANDRES ESQUER LAGARDA | I116: DIANA VERONICA ANGULO GARCIA | J116: 9 | K116: AGOSTO | L116: 2025 | M116: PBRO. GERARDO CAMACHO PONCE | N116: ALONSO DAVID GARCIA CAMACHO | O116: LAURA CITLALY MAZON ESPINOZA | P116: GERARDO CAMACHO PONCE | Q116: 2482 | R116: =H116&" Y "&I116 -> PEDRO ANDRES ESQUER LAGARDA Y DIANA VERONICA ANGULO GARCIA | S116: =D116&" "&E116&" DE "&F116 -> 10 AGOSTO DE 2024 | T116: =J116&" "&K116&" DE "&L116 -> 9 AGOSTO DE 2025 | U116: 2 | V116: 251 | W116: 502
A117: 108 | B117: MARIAN GONZALEZ FIMBRES | D117: 13 | E117: AGOSTO | F117: 2024 | G117: HERMOSILLO, SONORA | H117: CRISTOBAL JOEL GONZALEZ PEREZ | I117: DEYANIRA FIMBRES GARCIA | J117: 9 | K117: AGOSTO | L117: 2025 | M117: PBRO. GERARDO CAMACHO PONCE | N117: JORGE OMAR FIMBRES GARCIA | O117: YANIRA ARIZBETH RAMIREZ ACOSTA | P117: GERARDO CAMACHO PONCE | Q117: 1932 | R117: =H117&" Y "&I117 -> CRISTOBAL JOEL GONZALEZ PEREZ Y DEYANIRA FIMBRES GARCIA | S117: =D117&" "&E117&" DE "&F117 -> 13 AGOSTO DE 2024 | T117: =J117&" "&K117&" DE "&L117 -> 9 AGOSTO DE 2025 | U117: 2 | V117: 252 | W117: 503
A118: 109 | B118: AILANY MAYVE ROBLES RAMIREZ | D118: 12 | E118: AGOSTO | F118: 2024 | G118: HERMOSILLO, SONORA | H118: MARCO ANTONIO ROBLES FAVA | I118: ERIKA MICHELLE RAMIREZ LOPEZ | J118: 16 | K118: AGOSTO | L118: 2025 | M118: PBRO. GERARDO CAMACHO PONCE | N118: JOSE ARMANDO LUZANILLA RAMIREZ | O118: CAMILA NICOLE RAMIREZ LOPEZ | P118: GERARDO CAMACHO PONCE | Q118: 2024 | R118: =H118&" Y "&I118 -> MARCO ANTONIO ROBLES FAVA Y ERIKA MICHELLE RAMIREZ LOPEZ | S118: =D118&" "&E118&" DE "&F118 -> 12 AGOSTO DE 2024 | T118: =J118&" "&K118&" DE "&L118 -> 16 AGOSTO DE 2025 | U118: 2 | V118: 252 | W118: 504
A119: 110 | B119: GAHEL GERARDO MORENO LOPEZ | D119: 16 | E119: AGOSTO | F119: 2024 | G119: HERMOSILLO, SONORA | H119: DANIEL GERARDO MORENO PEREZ | I119: LILIA KASSANDRA LOPEZ MENDEZ | J119: 16 | K119: AGOSTO | L119: 2025 | M119: PBRO. GERARDO CAMACHO PONCE | N119: EDY GUADALUPE MORENO PEREZ | O119: PAOLA GUADALUPE MENDEZ QUIJADA | P119: GERARDO CAMACHO PONCE | Q119: 1857 | R119: =H119&" Y "&I119 -> DANIEL GERARDO MORENO PEREZ Y LILIA KASSANDRA LOPEZ MENDEZ | S119: =D119&" "&E119&" DE "&F119 -> 16 AGOSTO DE 2024 | T119: =J119&" "&K119&" DE "&L119 -> 16 AGOSTO DE 2025 | U119: 2 | V119: 253 | W119: 505
A120: 111 | B120: ORFIL LEOPOLDO GONZALEZ TEJADA | D120: 21 | E120: AGOSTO | F120: 2024 | G120: HERMOSILLO, SONORA | H120: ORFIL EDUARDO GONZALEZ ABRIL | I120: CINTHYA JANET TEJADA GALVEZ | J120: 23 | K120: AGOSTO | L120: 2025 | M120: PBRO. GERARDO CAMACHO PONCE | N120: JESUS OMAR MAYTORENA SALCIDO | O120: FRIDA ALICIA FERNANDEZ CURIEL | P120: GERARDO CAMACHO PONCE | Q120: 1374 | R120: =H120&" Y "&I120 -> ORFIL EDUARDO GONZALEZ ABRIL Y CINTHYA JANET TEJADA GALVEZ | S120: =D120&" "&E120&" DE "&F120 -> 21 AGOSTO DE 2024 | T120: =J120&" "&K120&" DE "&L120 -> 23 AGOSTO DE 2025 | U120: 2 | V120: 253 | W120: 506
A121: 112 | B121: LESLY RAMIREZ ORTEGA | D121: 22 | E121: AGOSTO | F121: 2024 | G121: HERMOSILLO, SONORA | H121: FRANCISCO RAMIREZ CALVO | I121: AURORA ORTEGA ORTIZ | J121: 24 | K121: AGOSTO | L121: 2025 | M121: PBRO. GERARDO CAMACHO PONCE | N121: RONALDO CHAVEZ CABRERA | O121: PETRITA NAVA RAMIREZ | P121: GERARDO CAMACHO PONCE | Q121: 1934 | R121: =H121&" Y "&I121 -> FRANCISCO RAMIREZ CALVO Y AURORA ORTEGA ORTIZ | S121: =D121&" "&E121&" DE "&F121 -> 22 AGOSTO DE 2024 | T121: =J121&" "&K121&" DE "&L121 -> 24 AGOSTO DE 2025 | U121: 2 | V121: 254 | W121: 507
A122: 113 | B122: JOSE MATTEO GARCIA PERALTA | D122: 29 | E122: SEPTIEMBRE | F122: 2023 | G122: HERMOSILLO, SONORA | H122: JOSE GUADALUPE GARCIA MORENO | I122: MELANIE ANADAHLAY PERALTA OLIVAS | J122: 27 | K122: SEPTIEMBRE | L122: 2025 | M122: PBRO. GERARDO CAMACHO PONCE | N122: JULIO CESAR PACHECO ACUÑA | O122: IRMA DOLORES BETANCOURT OLIVAS | P122: GERARDO CAMACHO PONCE | Q122: 2763 | R122: =H122&" Y "&I122 -> JOSE GUADALUPE GARCIA MORENO Y MELANIE ANADAHLAY PERALTA OLIVAS | S122: =D122&" "&E122&" DE "&F122 -> 29 SEPTIEMBRE DE 2023 | T122: =J122&" "&K122&" DE "&L122 -> 27 SEPTIEMBRE DE 2025 | U122: 2 | V122: 254 | W122: 508
A123: 114 | B123: LUCIANA AURORA FUENTES SALIDO | D123: 26 | E123: JULIO | F123: 2024 | G123: HERMOSILLO, SONORA | H123: JAIME FUENTES LOPEZ CUELLAR | I123: ALEJANDRA SALIDO DOMINGUEZ | J123: 4 | K123: OCTUBRE | L123: 2025 | M123: PBRO. GERARDO CAMACHO PONCE | N123: SERGIO FUENTES LOPEZ CUELLAR | O123: CRISTINA FUENTES LOPEZ CUELLAR Y ANETH SALIDO DOMINGUEZ | P123: GERARDO CAMACHO PONCE | Q123: 1864 | R123: =H123&" Y "&I123 -> JAIME FUENTES LOPEZ CUELLAR Y ALEJANDRA SALIDO DOMINGUEZ | S123: =D123&" "&E123&" DE "&F123 -> 26 JULIO DE 2024 | T123: =J123&" "&K123&" DE "&L123 -> 4 OCTUBRE DE 2025 | U123: 2 | V123: 255 | W123: 509
A124: 115 | B124: EMMA CAROLINA ENRIQUEZ ENCINAS | D124: 25 | E124: AGOSTO | F124: 2025 | G124: HERMOSILLO, SONORA | H124: FRANCISCO ALAN ENRIQUEZ OCHOA | I124: IDANIA CAROLINA ENCINAS BRACAMONTES | J124: 4 | K124: OCTUBRE | L124: 2025 | M124: PBRO. GERARDO CAMACHO PONCE | N124: RICARDO ALBERTO RODRIGUEZ FELIX | O124: DENISSE ALEJANDRA ENCINAS BRACAMONTES | P124: GERARDO CAMACHO PONCE | Q124: 2122 | R124: =H124&" Y "&I124 -> FRANCISCO ALAN ENRIQUEZ OCHOA Y IDANIA CAROLINA ENCINAS BRACAMONTES | S124: =D124&" "&E124&" DE "&F124 -> 25 AGOSTO DE 2025 | T124: =J124&" "&K124&" DE "&L124 -> 4 OCTUBRE DE 2025 | U124: 2 | V124: 255 | W124: 510
...

Sheet IMPRESION-BAUTIZMO
A1: 142
B3: 116
C4: =VLOOKUP($A$1,BAUTIZMO!$A$6:$W$201,2,FALSE) -> CHRISTIAN DARIEL RAMOS GALVEZ
C5: =VLOOKUP($A$1,BAUTIZMO!$A$6:$W$201,19,FALSE) -> 19 ABRIL DE 2024 | I5: =VLOOKUP($A$1,BAUTIZMO!$A$6:$W$201,17,FALSE) -> 1623
C6: =VLOOKUP($A$1,BAUTIZMO!$A$6:$W$201,7,FALSE) -> HERMOSILLO, SONORA
A7: Y | C7: =VLOOKUP($A$1,BAUTIZMO!$A$6:$W$201,8,FALSE)&A7&VLOOKUP($A$1,BAUTIZMO!$A$6:$W$201,9,FALSE) -> JESUS ARMANDO RAMOS DORAME Y ANA PAULINA GALVEZ BUSTAMANTE
C8: =VLOOKUP($A$1,BAUTIZMO!$A$6:$W$201,14,FALSE) -> CRISTA ANGELICA RAMOS DORAME
C9: =VLOOKUP($A$1,BAUTIZMO!$A$6:$W$201,15,FALSE) -> MARIA JOSE RAMOS DORAME
E10: =VLOOKUP($A$1,BAUTIZMO!$A$6:$W$201,20,FALSE) -> 6 JUNIO DE 2026
C12: =VLOOKUP($A$1,BAUTIZMO!$A$6:$W$201,21,FALSE) -> 2 | D12: Página | E12: =VLOOKUP($A$1,BAUTIZMO!$A$6:$W$201,22,FALSE) -> 269 | H12: =VLOOKUP($A$1,BAUTIZMO!$A$6:$W$201,23,FALSE) -> 537
C15: PBRO. GERARDO
D16: CAMACHO PONCE

Sheet CATECUMENOS 
A1: CATECUMENOS VIGILIA PASCUAL 03 ABRIL 2021

Sheet IMPRESION-COMUNION (2)
A1: 229
C6: =LOOKUP($A$1,'1ra.COMUNION'!$B$5:C3010) -> DANNA CORONADO OLIVAS
D8: =IF(LOOKUP($A$1,'1ra.COMUNION'!$B$5:D3010)=0," ",LOOKUP($A$1,'1ra.COMUNION'!$B$5:G3010)) -> DANIEL EDUARDO CORONADO MOLINA | I8: =IF(LOOKUP($A$1,'1ra.COMUNION'!$B$5:H3010)=0," ",LOOKUP($A$1,'1ra.COMUNION'!$B$5:H3010)) -> MARTINA OLIVAS BERNAL
H9: =LOOKUP(A1,'1ra.COMUNION'!B5:D3010) -> 1 | K9: =LOOKUP(A1,'1ra.COMUNION'!B5:E3010) -> JUNIO | M9: =LOOKUP(A1,'1ra.COMUNION'!B5:F3010) -> 2024
C12: =LOOKUP($A$1,'1ra.COMUNION'!$B$5:I3010) -> DAVID ENRIQUE CORONADO MOLINA Y MARIA DEL CONSUELO MORA MENESES
I14: =LOOKUP($A$1,'1ra.COMUNION'!$B$5:J3010) -> PBRO. GERARDO CAMACHO PONCE
C20: NOTA: SOLO TECLEAR EN LA COLUMAN A1 EL NUMERO CORRESPONDA EN LA HOJA 1ra.COMUNION
