Workbook
Name DIA: '1ra.COMUNION'!#REF!
Name DIA: CONSTANCIA.BAUTISMO!#REF!
Name DIA: MATRIMONIO!#REF!
Name DIA: MATRIMONIO!#REF!

Sheet MATRIMONIO
B3: CERTIFICADO DE MATRIMONIO
B5: PAREJA | C5: DIA | D5: MES | E5: AÑO | F5: PRESBITERO | G5: TESTIGO1 | H5: TESTIGO2 | I5: TESTIGO3 | J5: TESTIGO4 | K5: PÁRROCO | L5: LIBRO | M5: PAGINA | N5: PARTIDA
A6: 1 | B6: RAUL Y MARIA DEL CARMEN | C6: 20 | D6: SEPTIEMBRE | E6: 2009 | F6: FELIPE DE JESUS ZARAGOZA ORTEGA | K6: PBRO.FELIPE DE JESUS ZARAGOZA ORTEGA | L6: 1 | M6: 1 | N6: 1
A7: 2 | B7: HERIBERTO Y KARLA | C7: 17 | D7: DICIEMBRE | E7: 2010 | F7: FELIPE DE JESUS ZARAGOZA ORTEGA | K7: PBRO.FELIPE DE JESUS ZARAGOZA ORTEGA | L7: 1 | M7: 1 | N7: 2
A8: 3 | B8: ARTURO ALONSO Y VERONICA | C8: 18 | D8: DICIEMBRE | E8: 2010 | F8: FELIPE DE JESUS ZARAGOZA ORTEGA | K8: PBRO.FELIPE DE JESUS ZARAGOZA ORTEGA | L8: 1 | M8: 2 | N8: 3
A9: 4 | B9: HERIBERTO Y CECILIA GUADALUPE | C9: 23 | D9: ABRIL | E9: 2011 | F9: FELIPE DE JESUS ZARAGOZA ORTEGA | K9: PBRO.FELIPE DE JESUS ZARAGOZA ORTEGA | L9: 1 | M9: 2 | N9: 4
A10: 5 | B10: JOSE MANUEL Y BLANCA | C10: 27 | D10: MAYO | E10: 2011 | F10: FELIPE DE JESUS ZARAGOZA ORTEGA | K10: PBRO.FELIPE DE JESUS ZARAGOZA ORTEGA | L10: 1 | M10: 3 | N10: 5
A11: 6 | B11: ANTONIO ENRIQUE Y KATY SUGEY | C11: 17 | D11: SEPTIEMBRE | E11: 2011 | F11: FELIPE DE JESUS ZARAGOZA ORTEGA | G11: LUZ MERCEDES VASQUEZ JAIME | H11: ALFONSO LARIOS SOLORIO | I11: GERARDO COVARRUBIO HIDALGO | J11: ADRIANA NIEBLAS GAXIOLA | K11: PBRO.FELIPE DE JESUS ZARAGOZA ORTEGA | L11: 1 | M11: 3 | N11: 6 | V11: 2 | W11: FEBRERO
A12: 7 | B12: ABRAHAM Y LETICIA | C12: 8 | D12: ENERO | E12: 2012 | F12: FELIPE DE JESUS ZARAGOZA ORTEGA | G12: JOSE GILBERTO MORENO VALENCIA | H12: ROSA MARIA ARANA SALDAÑA | I12: BERNARDINO GARCIA GALLEGOS | J12: LETICIA LEYVA RUIZ | K12: PBRO.FELIPE DE JESUS ZARAGOZA ORTEGA | L12: 1 | M12: 4 | N12: 7 | V12: 3 | W12: MARZO
A13: 8 | B13: ALEJANDRO Y ROMANA | C13: 14 | D13: ABRIL | E13: 2012 | F13: FELIPE DE JESUS ZARAGOZA ORTEGA | K13: PBRO.FELIPE DE JESUS ZARAGOZA ORTEGA | L13: 1 | M13: 4 | N13: 8
A14: 9 | B14: JOSE ANGEL Y ELIZABETH | C14: 27 | D14: JULIO | E14: 2012 | F14: FELIPE DE JESUS ZARAGOZA ORTEGA | G14: MARTHA IMELDA MORALES BABUCA | H14: FCO. ALEJO ROMERO LARES | I14: TERESA VELAZCO CRUZ | J14: MIGUEL ANGEL FLORES MORALES | K14: PBRO.FELIPE DE JESUS ZARAGOZA ORTEGA | L14: 1 | M14: 5 | N14: 9 | V14: 4 | W14: ABRIL
A15: 10 | B15: JESUS MANUEL Y KARLA ALEJANDRA | C15: 8 | D15: SEPTIEMBRE | E15: 2012 | F15: FELIPE DE JESUS ZARAGOZA ORTEGA | G15: MANUEL ANDRES DURAZO HEREDIA | H15: GRACIELA MIRANDA RODRIGUEZ | I15: RODOLFO HEREDIA LOPEZ | J15: MARIA RODRIGUEZ OCHOA | K15: PBRO.FELIPE DE JESUS ZARAGOZA ORTEGA | L15: 1 | M15: 5 | N15: 10 | V15: 5 | W15: MAYO
A16: 11 | B16: JESUS ARSENIO Y MARTHA ELENA | C16: 29 | D16: SEPTIEMBRE | E16: 2012 | F16: FELIPE DE JESUS ZARAGOZA ORTEGA | G16: JOSELINO FERRER BASTIDA | H16: CONSUELO ZARAGOZA PARADA | I16: MA. DEL CARMEN ALVAREZ LEÓN | J16: ROSA DELIA ALVAREZ LEÓN | K16: PBRO.FELIPE DE JESUS ZARAGOZA ORTEGA | L16: 1 | M16: 6 | N16: 11 | V16: 6 | W16: JUNIO
A17: 12 | B17: FRANCISCO ALAN Y DANIAH MARISSA | C17: 17 | D17: NOVIEMBRE | E17: 2012 | F17: FELIPE DE JESUS ZARAGOZA ORTEGA | G17: LUIS GERARDO GARCÍA BERNAL | H17: YARIBEL SEGUAME OCAMPO | I17: DANIELA NAVARRO IBARRA | J17: CHRISTIAN GARCÍA MORENO. | K17: PBRO.FELIPE DE JESUS ZARAGOZA ORTEGA | L17: 1 | M17: 6 | N17: 12 | V17: 7 | W17: JULIO
A18: 13 | B18: LUIS ALFONSO Y ROSA MARIA | C18: 15 | D18: DICIEMBRE | E18: 2012 | F18: RAMON ENCINAS ENCINAS | G18: MIGUEL IGNACIO GUERRERO MARIN | H18: MA. DEL CARMEN DE LA LLATA GARZA | I18: BARBARA LUZ MARTINEZ | J18: ROSA MARIA MARTINEZ | K18: PBRO.FELIPE DE JESUS ZARAGOZA ORTEGA | L18: 1 | M18: 7 | N18: 13 | V18: 8 | W18: AGOSTO
A19: 14 | B19: ARTURO Y MARIA DE LOURDES | C19: 16 | D19: MARZO | E19: 2013 | F19: FELIPE DE JESUS ZARAGOZA ORTEGA | G19: BRENDA LOYA | H19: HORACIO MEZA | I19: DEYANIRA VEGA | J19: ARTURO QUINTERO | K19: PBRO.FELIPE DE JESUS ZARAGOZA ORTEGA | L19: 1 | M19: 7 | N19: 14 | V19: 9 | W19: SEPTIEMBRE
A20: 15 | B20: JUAN MARTIN Y MARIA JESUS | C20: 19 | D20: MARZO | E20: 2013 | F20: FELIPE DE JESUS ZARAGOZA ORTEGA | G20: RICARDO MIRANDA CORONADO | H20: AMANDA ENCINAS DE MIRANDA | I20: SERGIO GARIBAY | J20: OFELIA SOTO DE GARIBAY | K20: PBRO.FELIPE DE JESUS ZARAGOZA ORTEGA | L20: 1 | M20: 8 | N20: 15 | V20: 10 | W20: OCTUBRE
A21: 16 | B21: AUDENCIO Y ALMA PATRICIA | C21: 17 | D21: MAYO | E21: 2013 | F21: FELIPE DE JESUS ZARAGOZA ORTEGA | G21: ESTHER OCHOA RENTERIA | H21: VENANCIO HERMENEGILDO OCHOA YEPIZ | I21: PLUTARCO PADILLA | J21: MA DEL REFUGIO ALCANTAR GIL | K21: PBRO.FELIPE DE JESUS ZARAGOZA ORTEGA | L21: 1 | M21: 8 | N21: 16 | V21: 11 | W21: NOVIEMBRE
A22: 17 | B22: OMAR RENATO Y CLARISSA | C22: 15 | D22: JUNIO | E22: 2013 | F22: FELIPE DE JESUS ZARAGOZA ORTEGA | K22: PBRO.FELIPE DE JESUS ZARAGOZA ORTEGA | L22: 1 | M22: 9 | N22: 17 | V22: 12 | W22: DICIEMBRE
A23: 18 | B23: DAVID Y VILMA GIANNINA | C23: 16 | D23: NOVIEMBRE | E23: 2013 | F23: FELIPE DE JESUS ZARAGOZA ORTEGA | G23: ELIA PINEDA GOMEZ | H23: VIDAL PINEDA GOMEZ | I23: GABRIELA PEÑA DE LAGARDA | J23: GUSTAVO LAGARDA ESQUER | K23: PBRO.FELIPE DE JESUS ZARAGOZA ORTEGA | L23: 1 | M23: 9 | N23: 18 | V23: 13
A24: 19 | B24: JUVENTINO Y ELIZABETH | C24: 21 | D24: DICIEMBRE | E24: 2013 | F24: FELIPE DE JESUS ZARAGOZA ORTEGA | G24: JESUS ALBERTO MORALES BORBON | H24: ALEJANDRA CADILLO CHAVEZ | I24: CAROLINA CADILLO CHAVEZ | J24: OMAR PEÑA PADILLA | K24: PBRO.FELIPE DE JESUS ZARAGOZA ORTEGA | L24: 1 | M24: 10 | N24: 19 | V24: 14
A25: 20 | B25: JOSE FRANCISCO Y MISIS PERLA | C25: 27 | D25: DICIEMBRE | E25: 2013 | F25: FELIPE DE JESUS ZARAGOZA ORTEGA | G25: REBECCA HERRERA | H25: MAURICIO AVILA | I25: MIRNA CAMACHO | J25: GLENDA FELIX SALAZAR | K25: PBRO.FELIPE DE JESUS ZARAGOZA ORTEGA | L25: 1 | M25: 10 | N25: 20 | V25: 15
A26: 21 | B26: ABRAHAM GILBERTO Y ELIZABETH | C26: 28 | D26: JUNIO | E26: 2014 | F26: FELIPE DE JESUS ZARAGOZA ORTEGA | G26: ELOY COLOSIO GAMEZ | H26: TERESA MINERVA GARCIA VIRGEN | I26: SILVIA ELODIA VIDRIO GONZALEZ | J26: MARIA TERESA ROMERO VALDEZ | K26: PBRO.FELIPE DE JESUS ZARAGOZA ORTEGA | L26: 1 | M26: 11 | N26: 21 | V26: 16
A27: 22 | B27: JESUS Y MARIA GUADALUPE | C27: 1 | D27: JULIO | E27: 2014 | F27: FELIPE DE JESUS ZARAGOZA ORTEGA | G27: GUADALUPE AVILA GODOY | H27: AGUSTIN BRAU ROJAS | I27: JOSE LUIS ISLAS PACHECO | J27: ZAYDA ANGULO MONTOYA | K27: PBRO.FELIPE DE JESUS ZARAGOZA ORTEGA | L27: 1 | M27: 11 | N27: 22 | V27: 17
A28: 23 | B28: LUIS ALBERTO Y ALMA AURORA | C28: 1 | D28: AGOSTO | E28: 2014 | F28: FELIPE DE JESUS ZARAGOZA ORTEGA | G28: DELFINA GARCIA BUERAS | H28: MARTIN ADOLFO SALAZAR OVIEDO | I28: JUAN ALFONSO LUJAN VILLEGAS | J28: SILVIA SEDANO FERNANDEZ | K28: PBRO.FELIPE DE JESUS ZARAGOZA ORTEGA | L28: 1 | M28: 12 | N28: 23 | V28: 18
A29: 24 | B29: DAVID ENRIQUE Y ELISA DEL CARMEN | C29: 11 | D29: OCTUBRE | E29: 2014 | F29: FELIPE DE JESUS ZARAGOZA ORTEGA | G29: PROSPERO BARBOZA OCHOA | H29: MARIA ELVIRA ROMO DE BARBOZA | I29: RAMON GOMEZ PUENTE | J29: ISABEL CONS JUAREZ | K29: PBRO.FELIPE DE JESUS ZARAGOZA ORTEGA | L29: 1 | M29: 12 | N29: 24 | V29: 19
A30: 25 | B30: CESAR BLADIMIR Y KARLA SOFIA | C30: 18 | D30: OCTUBRE | E30: 2014 | F30: FELIPE DE JESUS ZARAGOZA ORTEGA | G30: MIRIAM SORAYA CAMPILLO SUGICH | H30: JUAN MANUEL RUIZ VILLARREAL | I30: MANUEL GERARDO CAMIPILLO CORRALES | J30: ANA MIRIAM SUGICH VALENZUELA | K30: PBRO.FELIPE DE JESUS ZARAGOZA ORTEGA | L30: 1 | M30: 13 | N30: 25
A31: 26 | B31: IVAN ALEJANDRO Y CINTHIA GUADALUPE | C31: 12 | D31: DICIEMBRE | E31: 2014 | F31: FELIPE DE JESUS ZARAGOZA ORTEGA | G31: HORACIO VACIO MARTINEZ | H31: BERENICE HERNANDEZ SANCHEZ | I31: FREDDY PALMA CARRILLO | J31: MARTHA PATRICIA HERNANDEZ SANCHEZ | K31: PBRO.FELIPE DE JESUS ZARAGOZA ORTEGA | L31: 1 | M31: 13 | N31: 26
A32: 27 | B32: RUBEN Y ABRIL ALEJANDRA | C32: 3 | D32: ENERO | E32: 2015 | F32: FELIPE DE JESUS ZARAGOZA ORTEGA | G32: JUANA YOLANDA ROMERO HERNANDEZ | H32: JESUS GUTIERREZ VELEZ | I32: ROGELIO QUIJADA GONZALEZ | J32: CATALINA GARCIA VALENZUELA | K32: PBRO.FELIPE DE JESUS ZARAGOZA ORTEGA | L32: 1 | M32: 14 | N32: 27
A33: 28 | B33: SERGIO Y HERMELINDA | C33: 14 | D33: MARZO | E33: 2015 | F33: FELIPE DE JESUS ZARAGOZA ORTEGA | G33: ANDRES SAUL DUATT MUÑOZ | H33: NIRVA LUGO SOTO | I33: RICARDO LUGO SOTO | J33: GUADALUPE VALENCIA DUARTE | K33: PBRO.FELIPE DE JESUS ZARAGOZA ORTEGA | L33: 1 | M33: 14 | N33: 28
A34: 29 | B34: JESUS VALENTIN Y MARIA FERNANDA | C34: 2 | D34: MAYO | E34: 2015 | F34: FELIPE DE JESUS ZARAGOZA ORTEGA | G34: JESUS CORONADO CAREAGA | H34: RAMONA AYALA M. | I34: FRANCISCO SANDOVAL | J34: MARGAROTA CASTRO | K34: PBRO.FELIPE DE JESUS ZARAGOZA ORTEGA | L34: 1 | M34: 15 | N34: 29
A35: 30 | B35: RENE Y OLGA IRENE | C35: 23 | D35: MAYO | E35: 2015 | F35: FELIPE DE JESUS ZARAGOZA ORTEGA | G35: LUIS RICARDO ZAZUETA GUTIERREZ | H35: MARIA ELENA GUARDIAN SOTO | I35: JULIO CESAR ENCINAS LEON | J35: LUCIA GONZALEZ GAMENOS | K35: PBRO.FELIPE DE JESUS ZARAGOZA ORTEGA | L35: 1 | M35: 15 | N35: 30
A36: 31 | B36: MANUEL IGNACIO Y MARIA OLIVIA | C36: 6 | D36: JUNIO | E36: 2015 | F36: FELIPE DE JESUS ZARAGOZA ORTEGA | G36: LUIS ARTURO PADILLA VALDIVIA | H36: MARISOL VILLALOBOS RUIZ | I36: LUCIELA CORONADO SAAVEDRA | J36: MANUEL DE JESUS VELAZQUEZ NIEBLAS | K36: PBRO.FELIPE DE JESUS ZARAGOZA ORTEGA | L36: 1 | M36: 16 | N36: 31
A37: 32 | B37: ALFONSO ERNESTO Y MARIA TERESA | C37: 31 | D37: OCTUBRE | E37: 2015 | F37: FELIPE DE JESUS ZARAGOZA ORTEGA | G37: ALAN PALACIOS | H37: CECILIA JANETH VALENCIA LOPEZ | I37: URIEL ERNESTO LARA VELAZQUEZ | J37: ANA ISABEL VILLEGAS FRANCO | K37: PBRO.FELIPE DE JESUS ZARAGOZA O. | L37: 1 | M37: 16 | N37: 32 | V37: 12 | W37: DICIEMBRE
A38: 33 | B38: ALEXANDER MICHAEL Y MARÍA DE LA LUZ | C38: 7 | D38: NOVIEMBRE | E38: 2015 | F38: FELIPE DE JESUS ZARAGOZA ORTEGA | G38: MA. LAURA SERRANO GENDA | H38: CARLOS RICO GARIBALDI | I38: RAQUEL SERRANO DE MORENO | J38: ROSALIO MORENO DURAZO | K38: PBRO. GERARDO CAMACHO PONCE | L38: 1 | M38: 17 | N38: 33 | V38: 13
A39: 34 | B39: MIGUEL Y GUADALUPE | C39: 28 | D39: NOVIEMBRE | E39: 2015 | F39: FELIPE DE JESUS ZARAGOZA ORTEGA | G39: LUIS SARMIENTO | H39: SILVIA CASTRO SILVAIN | I39: ROSA BOLZ | J39: JESÚS BULMARO PEÑA | K39: PBRO. FELIPE DE JESÚS ZARAGOZA O. | L39: 1 | M39: 17 | N39: 34 | V39: 14
A40: 35 | B40: JORGE Y SELENE GUADALUPE | C40: 20 | D40: FEBRERO | E40: 2016 | F40: FELIPE DE JESUS ZARAGOZA ORTEGA | G40: GENARO CAMPOS BAÑUELOS | H40: CARMINA YAHAIRA DELGADO | I40: SERENA MIRANDA DE LA ROSA | J40: PEDRO ERNESTO SALINAS | K40: PBRO. FELIPE DE JESÚS ZARAGOZA O. | L40: 1 | M40: 18 | N40: 35 | V40: 15
A41: 36 | B41: SERGIO IVAN Y CINTIA NAYELY | C41: 19 | D41: DICIEMBRE | E41: 2015 | F41: FELIPE DE JESUS ZARAGOZA ORTEGA | G41: ELVIA PARADA JIEMENZ | H41: RAFAEL CORDOVA CONS | I41: BEATRIZ ELENA QUINTERO VERDUGO | J41: SANTOS ERNESTO JIMENEZ GARCIA | K41: PBRO. FELIPE DE JESÚS ZARAGOZA O. | L41: 1 | M41: 18 | N41: 36 | V41: 16
A42: 37 | B42: MARIO ALBERTO Y JESSICA LIZETTE | C42: 8 | D42: OCTUBRE | E42: 2016 | F42: FELIPE DE JESUS ZARAGOZA ORTEGA | G42: CÉSAR JESÚS ZÚÑIGA ARECHIGA | H42: ELGA ADERLIN DE LOS RÍOS LÓPEZ | I42: JOSÉ DE JESÚS MONTES RAMOS | J42: MARINA LEPE AGRAZ | K42: PBRO. FELIPE DE JESÚS ZARAGOZA O. | L42: 1 | M42: 19 | N42: 37 | V42: 17
A43: 38 | B43: RUBÉN GUADALUPE Y CLAUDIA | C43: 15 | D43: OCTUBRE | E43: 2016 | F43: FELIPE DE JESUS ZARAGOZA ORTEGA | G43: NATALIHE SAINZ ARAOZ | H43: JOSÉ CARLOS ESQUER NIEBLAS | I43: JESÚS RAMÓN GONZÁLEZ ECHEVERRÍA | J43: FCA. ANGÉLICA GONZÁLEZ ECHEVERRIA | K43: PBRO. FELIPE DE JESÚS ZARAGOZA O. | L43: 1 | M43: 19 | N43: 38 | V43: 18
A44: 39 | B44: PEDRO ANDRÉS Y JANYS | C44: 22 | D44: OCTUBRE | E44: 2016 | F44: FELIPE DE JESUS ZARAGOZA ORTEGA | G44: GUSTAVO FIGUEROA CORREA | H44: CRISTAL MARTÍNEZ | I44: JOSÉ PEDRO LEYVA | J44: ADRIANA FIGUEROA | K44: PBRO. FELIPE DE JESÚS ZARAGOZA O. | L44: 1 | M44: 20 | N44: 39 | V44: 19
A45: 40 | B45: FERNANDO Y ANA MARÍA | C45: 5 | D45: NOVIEMBRE | E45: 2016 | F45: FELIPE DE JESUS ZARAGOZA ORTEGA | G45: MARÍA MONSERRAT FRANCO SALAZAR | H45: GABRIEL ZAMBADA SALAZAR | I45: ANA GABRIELA VERDUGO | J45: JORGE MONTOYA | K45: PBRO.FELIPE DE JESUS ZARAGOZA ORTEGA | L45: 1 | M45: 20 | N45: 40 | V45: 20
A46: 41 | B46: CONRADO Y MARÍA ICELA | C46: 16 | D46: DICIEMBRE | E46: 2016 | F46: FELIPE DE JESUS ZARAGOZA ORTEGA | G46: NAZARIO GONZÁLEZ MONTERO | H46: BLANCA CELIA ROBLES ROBLES | I46: GUADALUPE REYES RUÍZ | J46: ANA BERTHA CAMPA SILVA | K46: PBRO.FELIPE DE JESUS ZARAGOZA ORTEGA | L46: 1 | M46: 21 | N46: 41 | V46: 21
A47: 42 | B47: ROBERTO EMMANUEL Y PERLA JULISA | C47: 11 | D47: MARZO | E47: 2017 | F47: FELIPE DE JESUS ZARAGOZA ORTEGA | G47: IMELDA RENTERÍA BECERRA | H47: FCO. RICARDO QUINTANA LEÓN | I47: JUSTINO ALBERTO GALINDO FLORES | J47: YESSICA YUSIRA DÓRAME GÓMEZ | K47: PBRO.FELIPE DE JESUS ZARAGOZA ORTEGA | L47: 1 | M47: 21 | N47: 42 | V47: 22
A48: 43 | B48: JOSÉ MARÍA Y MARÍA DE LOS ÁNGELES | C48: 23 | D48: MARZO | E48: 2017 | F48: FELIPE DE JESUS ZARAGOZA ORTEGA | G48: LOURDES MUNGUÍA SOTO | H48: MARÍA JESÚS SOTO CANO | K48: PBRO.FELIPE DE JESUS ZARAGOZA ORTEGA | L48: 1 | M48: 22 | N48: 43 | V48: 23
A49: 44 | B49: HÉCTOR ALÁN Y PERLA ROSÍO | C49: 1 | D49: ABRIL | E49: 2017 | F49: FELIPE DE JESUS ZARAGOZA ORTEGA | G49: FRANCISCO TOYOS AVILÉS | H49: MARGARITA PERALTA MUÑOZ | K49: PBRO.FELIPE DE JESUS ZARAGOZA ORTEGA | L49: 1 | M49: 22 | N49: 44 | V49: 24
A50: 45 | B50: ENRIQUE OCTAVIO Y LINDA YESENIA | C50: 10 | D50: JUNIO | E50: 2017 | F50: FELIPE DE JESUS ZARAGOZA ORTEGA | G50: RICARDO LÓPEZ QUIJADA | H50: YADIRA GARCÍA RUÍZ | I50: LOURDES CAMPOY DE AMPARANO | J50: FRANCISCO AMPARANO FIMBRES | K50: PBRO. GERARDO CAMACHO PONCE | L50: 1 | M50: 23 | N50: 45 | V50: 25
A51: 46 | B51: DANIEL Y CLAUDIA | C51: 24 | D51: JUNIO | E51: 2017 | F51: FELIPE DE JESUS ZARAGOZA ORTEGA | G51: OMAR MONTOYA SANTAMARÍA | H51: IVONNE PERALTA MORENO | I51: HÉCTOR BORBÓN | J51: CLARA ORTÍZ | K51: PBRO. GERARDO CAMACHO PONCE | L51: 1 | M51: 23 | N51: 46 | V51: 26
A52: 47 | B52: JESÚS MANUEL Y MAYRA LIZETH | C52: 20 | D52: OCTUBRE | E52: 2017 | F52: FELIPE DE JESUS ZARAGOZA ORTEGA | G52: FRANCISCA MADA ROMERO | H52: JESÚS CÓRDOVA GUEVARA | I52: EFRÉN GUTIÉRREZ | J52: TULY LUZANÍA | K52: PBRO. GERARDO CAMACHO PONCE | L52: 1 | M52: 24 | N52: 47 | V52: 27
A53: 48 | B53: JULIAN Y CINTHYA JAZMIN | C53: 4 | D53: NOVIEMBRE | E53: 2017 | F53: FELIPE DE JESUS ZARAGOZA ORTEGA | G53: DALIA MARGOTH CARAVEO RUIZ | H53: OSCAR GABRIEL CARAVEO RUIZ | I53: BEATRIZ ADRIANA MEDINA L. | J53: MARIA JESUS MEDINA LOPEZ | K53: PBRO. GERARDO CAMACHO PONCE | L53: 1 | M53: 24 | N53: 48 | V53: 28
A54: 49 | B54: NESTOR MANUEL Y MARIBEL | C54: 16 | D54: FEBRERO | E54: 2018 | F54: FELIPE DE JESUS ZARAGOZA ORTEGA | G54: FELIPE DE JESUS LOPEZ GAXIOLA | H54: MAIRA AURORA MENDIVIL HERNANDEZ | I54: HERIBERTO QUIHUIS CHAIREZ | J54: MARIA DOLORES RODRIGUEZ GOLDEN | K54: PBRO. GERARDO CAMACHO PONCE | L54: 1 | M54: 25 | N54: 49 | V54: 29
A55: 50 | B55: JESÚS ANTONIO Y MELISSA ISABEL | C55: 4 | D55: AGOSTO | E55: 2018 | F55: GERARDO CAMACHO PONCE | G55: LUIS MARIO DÓRAME IBARRA | H55: CLEOTILDE IBARRA CONTRERAS | I55: MANUEL SERRANO CARIAGA | J55: LIZETH BALLESTEROS MORENO | K55: PBRO. GERARDO CAMACHO PONCE | L55: 1 | M55: 25 | N55: 50 | V55: 30
A56: 51 | B56: JOSE ISRAEL Y MARIA OLGA | C56: 16 | D56: NOVIEMBRE | E56: 2018 | F56: REV. MANUEL DE JESUS CERON | G56: TIMOTEO SERRANO OSORIO | H56: LUZ ESTHELA MUNGARRO MORALES | I56: JORGE ALBERTO CADENA ROMAN | J56: CIANNA MUNGARRO MORALES | K56: PBRO. GERARDO CAMACHO PONCE | L56: 1 | M56: 26 | N56: 51 | V56: 31
A57: 52 | B57: OSCAR OMAR y FERNANDA JUDITH | C57: 2 | D57: DICIEMBRE | E57: 2018 | F57: GERARDO CAMACHO PONCE | G57: REY DAVID ENRIQUEZ CORONADO | H57: EMMA GUADALUPE GRIJALVA CASTILLO | I57: CARLOS ALBERTO SAMAYOA GALLARDO | J57: KARLA ISABEL LOPEZ PEÑUÑURI | K57: PBRO. GERARDO CAMACHO PONCE | L57: 1 | M57: 26 | N57: 52
A58: 53 | B58: ADRIÁN Y DANIELA | C58: 14 | D58: NOVIEMBRE | E58: 2019 | F58: GERARDO CAMACHO PONCE | G58: ULISES ROMO CANIZALES | H58: ADALUZ VILLEGAS MARTINEZ | K58: PBRO, GERARDO CAMACHO PONCE | L58: 1 | M58: 27 | N58: 53
A59: 54 | B59: MANUEL EDUARDO y DIANA GUADALUPE | C59: 23 | D59: NOVIEMBRE | E59: 2019 | F59: GERARDO CAMACHO PONCE | G59: LUIS ERNESTO MONTIEL CORONA | H59: PAULINA JIMENEZ WILLIAMS | I59: JOSE MARTIN PACO MADONIA | J59: ANAHI DUARTE RAMIREZ | K59: PBRO. GERARDO CAMACHO PONCE | L59: 1 | M59: 27 | N59: 54
A60: 55 | B60: JUAN FRANCISCO y ADELA MECHELLE | C60: 29 | D60: DICIEMBRE | E60: 2019 | F60: GERARDO CAMACHO PONCE | G60: JOEL ARMANDO ESPINOZA FLORES | H60: ASTRID SELENE QUEZADA ENCINAS | I60: JAVIER COTA RUELAS | J60: INDIRA ISABEL QUEZADA ENCINAS | K60: PBRO, GERARDO CAMACHO PONCE | L60: 1 | M60: 28 | N60: 55
A61: 56 | B61: JOSE LUIS y KARLA DENISSE | C61: 6 | D61: MARZO | E61: 2020 | F61: GERARDO CAMACHO PONCE | G61: JULIAN ENRIQUE PINTADO SANCHEZ | H61: DENETH GUADALUPE HERNANDEZ CRUZ | I61: CARLOS TELLEZ QUIJADA | J61: MARIA FERNANDA TELLEZ QUIJADA | K61: PBRO. GERARDO CAMACHO PONCE | L61: 1 | M61: 28 | N61: 56
A62: 57 | B62: TIMOTEO CASTILLO G. y DOMINGA SANDOVAL R. | C62: 17 | D62: ABRIL | E62: 2021 | F62: GERARDO CAMACHO PONCE | G62: MARCO ANTONIO MORALES MADA | H62: MARIA CRISTINA LÓPEZ ESQUER | I62: REMBERTO ANTONIO MONTENEGRO GARCÍA | J62: NORMA GUADALUPE LÓPEZ ESQUER | K62: PBRO. GERARDO CAMACHO PONCE | L62: 1 | M62: 29 | N62: 57
A63: 58 | B63: JAIME FUENTES L-C y ALEJANDRA SALIDO D. | C63: 6 | D63: NOVIEMBRE | E63: 2021 | F63: GERARDO CAMACHO PONCE | G63: JUAN MANUEL CORDOVA COHEN | H63: CARMEN CECILIA BRAVO DOMINGUEZ | I63: RUBEN ALEJANDRO GUTIERREZ TAMEZ | J63: ANAHI ALEJANDRA HUGHES AVILES | K63: PBRO, GERARDO CAMACHO PONCE | L63: 1 | M63: 29 | N63: 58
A64: 59 | L64: 1 | M64: 30 | N64: 59
A65: 60 | B65: JOSÉ GUADALUPE y YOLANDA GUADALUPE | C65: 22 | D65: OCTUBRE | E65: 2022 | F65: GERARDO CAMACHO PONCE | G65: ARIEL CEBALLOS MORALES | H65: MARIA DE LOS ANGELES ACOSTA PONCE | I65: FRANCISCO MARTÍN CASTILLO | J65: ELSA VERDUZCO S. | K65: PBRO. GERARDO CAMACHO PONCE | L65: 1 | M65: 30 | N65: 60
A66: 61 | B66: REY IVAN y SOFIA ARIZBETH | C66: 22 | D66: OCTUBRE | E66: 2022 | F66: GERARDO CAMACHO PONCE | G66: MARTÍN VICENTE OLIVAS OLIVAS | H66: FRANCISCA REYNOZA GONZÁLEZ | I66: JOSÉ FRANCISCO MENDOZA GONZÁLEZ | J66: MARÍA CRUZ COTA ROMERO | K66: PBRO. GERARDO CAMACHO PONCE | L66: 1 | M66: 31 | N66: 61
A67: 62 | B67: RAÚL y DIANA GRISELDA | C67: 12 | D67: NOVIEMBRE | E67: 2022 | F67: GERARDO CAMACHO PONCE | G67: DANIEL ALBERTO ANGULO RUIZ | H67: ROSA EMMA PACHECO REYES | I67: JESÚS ANTONIO VALENZUELA VALENZUELA | J67: LUZ ALEJANDRA VALENZUELA CÓRDOVA | K67: PBRO. GERARDO CAMACHO PONCE | L67: 1 | M67: 31 | N67: 62
V69: 11 | W69: NOVIEMBRE
V70: 12 | W70: DICIEMBRE

Sheet IMPRESION-MATRIMONIO
A1: 61
C3: =LOOKUP($A$1,MATRIMONIO!$A$7:B1017) -> REY IVAN y SOFIA ARIZBETH
D7: =IF(LOOKUP($A$1,MATRIMONIO!$A$7:C1017)=0," ",LOOKUP($A$1,MATRIMONIO!$A$7:C1017)) -> 22 | F7: =IF(LOOKUP($A$1,MATRIMONIO!$A$7:D1017)=0," ",LOOKUP($A$1,MATRIMONIO!$A$7:D1017)) -> OCTUBRE | I7: =IF(LOOKUP($A$1,MATRIMONIO!$A$7:E1017)=0," ",LOOKUP($A$1,MATRIMONIO!$A$7:E1017)) -> 2022 | L7: =IF(LOOKUP($A$1,MATRIMONIO!$A$7:F1017)=0," ",LOOKUP($A$1,MATRIMONIO!$A$7:F1017)) -> GERARDO CAMACHO PONCE
C9: =IF(LOOKUP($A$1,MATRIMONIO!$A$7:G1017)=0," ",LOOKUP($A$1,MATRIMONIO!$A$7:G1017)) -> MARTÍN VICENTE OLIVAS OLIVAS | K9: =LOOKUP($A$1,MATRIMONIO!$A$7:H1017) -> FRANCISCA REYNOZA GONZÁLEZ
C11: =IF(LOOKUP($A$1,MATRIMONIO!$A$7:I1017)=0," ",LOOKUP($A$1,MATRIMONIO!$A$7:I1017)) -> JOSÉ FRANCISCO MENDOZA GONZÁLEZ | K11: LUZ ALEJANDRA VALENZUELA CÓRDOVA
F13: =LOOKUP($A$1,MATRIMONIO!$A$7:L1017) -> 1 | I13: =LOOKUP($A$1,MATRIMONIO!$A$7:M1017) -> 31
F14: =LOOKUP($A$1,MATRIMONIO!$A$7:N1017) -> 61 | L14: =IF(LOOKUP($A$1,MATRIMONIO!$A$7:K1017)="","",LOOKUP($A$1,MATRIMONIO!$A$7:K1017)) -> PBRO. GERARDO CAMACHO PONCE
C20: NOTA: SOLO TECLEAR EN LA COLUMNA A1 EL NUMERO CORRESPONDA EN LA HOJA MATRIMONIO

Sheet 1ra.COMUNION
C1: CERTIFICADO DE PRIMERA COMUNION 2011
C2: NIÑO(A) | D2: DIA | E2: MES | F2: AÑO | G2: MAMA | H2: PAPA | I2: MADRINA O PADRINO | J2: PÁRROCO
C5: CESAR ROMO BURRUEL | D5: 6 | E5: JUNIO | F5: 2010 | G5: VANIA JANETH BURRUEL MADA | H5: CESAR ROMO CANIZALEZ | I5: EDNA LORENIA BURRUEL MADA Y LUIS ADRIAN BURRUEL MADA | J5: FELIPE DE JESUS ZARAGOZA ORTEGA
C33: CERTIFICADO DE PRIMERA COMUNION 2011
C34: NIÑO(A) | D34: DIA | E34: MES | F34: AÑO | G34: MAMA | H34: PAPA | I34: MADRINA O PADRINO | J34: PÁRROCO
A35: 1 | B35: 1 | C35: JOSE SANTOS LOPEZ RAMIREZ | D35: 9 | E35: JUNIO | F35: 2011 | G35: MA. CONCEPCION RAMIREZ B. | H35: CONRADO LOPEZ SOTO | I35: MARIA VIRGINIA LOPEZ SOTO | R35: 1 | S35: ENERO
R36: 2 | S36: FEBRERO
C37: MICHELLE ALEJANDRA LEON TELLEZ | D37: 11 | E37: JUNIO | F37: 2011 | G37: GUILLERMO LEON ROMERO | H37: AIDA TELLEZ HERNANDEZ | I37: CARLOS ARCE PACHECO Y MAGDALENA ROMO | R37: 3 | S37: MARZO
R38: 4 | S38: ABRIL
R39: 5 | S39: MAYO
A40: 2 | B40: 2 | C40: PAULINA ALEJANDRA MADRID HURTADO | D40: 11 | E40: JUNIO | F40: 2011 | G40: CYNTHIA GUADALUPE HURTADO HERRERA | H40: JOSE LUIS MADRID SALAZAR | I40: CRISTINA GARCES FONTES | R40: 6 | S40: JUNIO
A41: 3 | B41: 3 | C41: VALERIA GUADALUPE LOPEZ CHAVEZ | D41: 4 | E41: JUNIO | F41: 2011 | G41: MA. DEL CARMEN CHAVEZ JUAREZ | H41: JULIO CESAR LOPEZ MADRID | I41: MARIA DEL ROSARIO JUAREZ ANDRADE | R41: 7 | S41: JULIO
A42: 4 | B42: 4 | C42: AIME GONZALEZ BELTRAN | D42: 18 | E42: JUNIO | F42: 2011 | G42: ESTHELA BELTRAN RUELAS | H42: JESUS MARTIN GONZALEZ BRACAMONTES | I42: MONICA GONZALEZ BRACAMONTES | R42: 8 | S42: AGOSTO
A43: 5 | B43: 5 | C43: ALAN FRANCISCO CORDOVA CASTILLO | D43: 18 | E43: JUNIO | F43: 2011 | G43: MONICA CASTILLO MARTINEZ | H43: FRANCISCO JAVIER CORDOVA LOPEZ | I43: HAYDEE CASTILLO MARTINEZ | R43: 9 | S43: SEPTIEMBRE
A44: 6 | B44: 6 | C44: ALESSANDRO OTERO GARCIA | D44: 18 | E44: JUNIO | F44: 2011 | G44: NORMA ANGELICA GARCIA SANCHEZ | H44: CESAR BENJAMIN OTERO LEON | I44: ARTURO DOMINGO LOPEZ REA Y BLANCA ELENA OCHOA SANCHEZ | R44: 10 | S44: OCTUBRE
A45: 7 | B45: 7 | C45: ANA MARIA SALAZAR VALDEZ | D45: 18 | E45: JUNIO | F45: 2011 | G45: ANA BEL VALDEZ MUÑOZ | H45: CESAR ANTONIO SALAZAR LOPEZ | I45: CYNTHIA SELENE ALVAREZ SALAZAR | R45: 11 | S45: NOVIEMBRE
A46: 8 | B46: 8 | C46: ANDREA YAMILETH CARPIO NOGALES | D46: 18 | E46: JUNIO | F46: 2011 | G46: NORMA ALICIA NOGALES CONTRERAS | H46: GERMAN ARMANDO CARPIO SOLIS | I46: LUZ MARGOT NOGALES CONTRERAS | R46: 12 | S46: DICIEMBRE
A47: 9 | B47: 9 | C47: JUAN BENJAMIN GAXIOLA GODINEZ | D47: 18 | E47: JUNIO | F47: 2011 | G47: EMMA YAMEL GODINEZ VALENZUELA | H47: BENJAMIN GAXIOLA LOYA | I47: DORENA GAXIOLA LOYA Y ROBERTO LOPEZ VARGAS | R47: 13
A48: 10 | B48: 10 | C48: BRYAN IVAN CORDOVA FELIX | D48: 18 | E48: JUNIO | F48: 2011 | G48: KARLA DENICE FELIX BARRERAS | H48: IVAN RAFAEL CORDOVA MORENO | I48: PAOLA HURTADO BARRERAS | R48: 14
A49: 11 | B49: 11 | C49: CARLOS ESTEBAN CORTES LABASTIDA | D49: 18 | E49: JUNIO | F49: 2011 | G49: ALMA PATRICIA LABASTIDA CASTILLO | H49: CARLOS ALBERTO CORTES MALDONADO | I49: ERICA MARIA LABASTIDA CASTILLO | R49: 15
A50: 12 | B50: 12 | C50: CHRISTIAN NOE ZENDEJAS ESQUER | D50: 18 | E50: JUNIO | F50: 2011 | G50: KARLA MARIA ESQUER PIRI | H50: ORLANDO ZENDEJAS RANGEL | I50: NORA GPE. ESQUER PIRI Y FCO. RUBEN MORENO GUERRA | R50: 16
A51: 13 | B51: 13 | C51: DANIEL ARMANDO SAMANIEGO MORENO | D51: 18 | E51: JUNIO | F51: 2011 | G51: MARIA FRANCELIA MORENO OCHOA | H51: DANIEL ALBERTO SAMANIEGO QUIJADA | I51: LUIS FERNANDO ROMERO MORENO | R51: 17
A52: 14 | B52: 14 | C52: DANIELA GARCIA TIRADO | D52: 18 | E52: JUNIO | F52: 2011 | G52: GABRIELA TIRADO MEZA | H52: JESUS ARMANDO GARCIA LOPEZ | I52: ISABEL ROLDAN MORALES Y CLAUDIA LUGO GUILLEN | R52: 18
A53: 15 | B53: 15 | C53: DAVID SAAVEDRA MORENO | D53: 18 | E53: JUNIO | F53: 2011 | G53: GLORIA BERENICE MORENO LOPEZ | H53: BALTAZAR SAAVEDRA VALENCIA | I53: IGNACIO MORENO LOPEZ | R53: 19
A54: 16 | B54: 16 | C54: DIEGO ALEJANDRO TORRERO GRACIA | D54: 18 | E54: JUNIO | F54: 2011 | G54: GABRIELA PATRICIA GRACIA PACHECO | H54: JOSE SOLEDAD TORRERO BORBON | I54: ANERIS GPE. MARTINEZ PACHECO Y GABRIEL RODRIGUEZ | R54: 20
A55: 17 | B55: 17 | C55: DYLAN AXEL OVIEDO VALENZUELA | D55: 18 | E55: JUNIO | F55: 2011 | G55: BRISA JEANETH VALENZUELA IZAGUIRRE | H55: CARLOS ALBERTO OVIEDO MORA | I55: GUSTAVO SOTELO SALGADO Y LUCIA ESPERANZA VILLA QUIJADA | R55: 21
A56: 18 | B56: 18 | C56: ELENA ELIZONDO GALINDO | D56: 18 | E56: JUNIO | F56: 2011 | G56: ANA MINERVA GALINDO BRINGAS | H56: GIL ELIZONDO SORIA | I56: MARIA LUISA BRINGAS ESPINOZA | R56: 22
A57: 19 | B57: 19 | C57: ERICK FRANCISCO SOLORZANO MEDINA | D57: 18 | E57: JUNIO | F57: 2011 | G57: MARIA LUCIA MEDINA TONA | H57: FRANCISCO SOLORZANO SANCHEZ | I57: JOSE NOE ROMERO BOJORQUEZ Y THAYDE ANA MENENDEZ GUZMAN | R57: 23
A58: 20 | B58: 20 | C58: ERICKA LIZBETH SALAZAR ROMERO | D58: 18 | E58: JUNIO | F58: 2011 | G58: MARIA TERESA ROMERO VALDEZ | H58: MIRKO ANTONIO SALAZAR ESPINOZA | I58: MARCOS ANTONIO GUTIERREZ | R58: 24
... A65: 27 | B65: 27 | C65: IVAN TADEO ENCINAS GARCIA | D65: 18 | E65: JUNIO | F65: 2011 | G65: LUZ MERCEDES GARCIA RIVERA | H65: VICTOR MANUEL ENCINAS FIGUEROA | I65: ALBERTO MORALES GONZALEZ Y EMMA LUZ DEMONTE ESTUPIÑAN | R65: 31
A66: 28 | B66: 28 | C66: JESUS MARTIN GONZALEZ BELTRAN | D66: 18 | E66: JUNIO | F66: 2011 | G66: ESTHELA BELTRAN RUELAS | H66: JESUS MARTIN GONZALEZ BRACAMONTES | I66: PABLO SANCHEZ VAZQUEZ
A67: 29 | B67: 29 | C67: JESUS AMIN VIDAURRAZAGA MOSRI | D67: 18 | E67: JUNIO | F67: 2011 | G67: ROSA MARIAM MOSRI NIEBLAS | H67: JESUS ARMANDO VIDAURRAZAGA GRACIA | I67: HALIM OCTAVIO MOSRI NIEBLAS Y LIZETH MARIANA VIDAURRAZAGA GRACIA
A68: 30 | B68: 30 | C68: JOANNA GUADALUPE MENDIVIL LOPEZ | D68: 18 | E68: JUNIO | F68: 2011 | G68: VERONICA LOPEZ RUBIO | H68: CARLOS ISRAEL MENDIVIL SOTO | I68: ANA GABRIELA ECHEVERRIA RUBIO
A69: 31 | B69: 31 | C69: JONATHAN HERNANDEZ ANDALON | D69: 18 | E69: JUNIO | F69: 2011 | G69: LILIANA ANDALON MARTINEZ | H69: JOSE RAMIRO HERNANDEZ MARIN | I69: JACQUELINE MORALES MARTINEZ
A70: 32 | B70: 32 | C70: JOSE ANGEL GARCIA ZAZUETA | D70: 18 | E70: JUNIO | F70: 2011 | G70: MIRIAM ZAZUETA PEREZ | H70: FELIPE ANGELES GARCIA NIEBLAS | I70: RUBEN ERNESTO ZAZUETA PEREZ Y ANA MARIA LENDO PEREZ
A71: 33 | B71: 33 | C71: JOSE SEBASTIAN TORRERO GRACIA | D71: 18 | E71: JUNIO | F71: 2011 | G71: GABRIELA PATRICIA GRACIA PACHECO | H71: JOSE SOLEDAD TORRERO BORBON | I71: ANA CELIA MARTINEZ DE GRACIA Y PABLO FRANCISCO GRACIA PACHECO
A72: 34 | B72: 34 | C72: JOSE MANUEL CALVARIO LEON | D72: 18 | E72: JUNIO | F72: 2011 | G72: MARTINA LEON PULIDO | H72: ARMANDO CALVARIO PARRA | I72: DENISSE A. LEON PULIDO
A73: 35 | B73: 35 | C73: JULIETA MENDOZA VILLA | D73: 18 | E73: JUNIO | F73: 2011 | G73: YADIRA ELENA VILLA GIL | H73: RASIEL ANTONIO MENDOZA RUIZ | I73: ZULEMA ALVAREZ ANDRADE Y ELSA MARIA AGUILERA
A74: 36 | B74: 36 | C74: KEVIN DANIEL FIGUEROA DE LA TORRE | D74: 18 | E74: JUNIO | F74: 2011 | G74: MA. DE JESUS DE LA TORRE MACHUCA | H74: MANUEL DE JESUS FIGUEROA ESPINOZA | I74: CLAUDIA KARINA FIGUEROA ESPINOZA
A75: 37 | B75: 37 | C75: LEONARDO MENDOZA ESQUER | D75: 18 | E75: JUNIO | F75: 2011 | G75: ALMA GRISELDA ESQUER CAMPAS | H75: LEONARDO MENDOZA VALENZUELA | I75: LUIS VIDAL MOLINA Y FRANCISCA BELTRAN
A76: 38 | B76: 38 | C76: LIDIA JACKELINE RIOS URIBE | D76: 18 | E76: JUNIO | F76: 2011 | G76: ROSA ELVA URIBE LABRA | H76: JUAN ALONSO RIOS VILLAVERDE | I76: IRASEMA SOFIA SOTERO ZALETA Y AGUSTIN RIVERA LARA
A77: 39 | B77: 39 | C77: LILIAN PAULINA CORDOVA MORALES | D77: 18 | E77: JUNIO | F77: 2011 | G77: CLAUDIA ANGELICA MORALES HOYOS | H77: JESUS JUAN ENRIQUE CORDOVA LOPEZ | I77: BRENDA CORTEZ MORALES
... A98: 60 | B98: 60 | C98: ROLANDO SEAMAN CHAIREZ | D98: 18 | E98: JUNIO | F98: 2011 | G98: NORMA ALICIA CHAIREZ RODRIGUEZ | H98: ROLANDO SEAMAN NAVARRO | I98: JUAN FCO. NAVARRO RODRIGUEZ Y ADRIANA SEAMAN CHAIREZ
A99: 61 | B99: 61 | C99: STEVEN OLIVIER SANTILLAN NAVARRO | D99: 18 | E99: JUNIO | F99: 2011 | G99: SHARON DENISSE SANTILLAN NAVARRO | I99: HIRAM SANTILLAN Y SANDRA VALENZUELA
A100: 62 | B100: 62 | C100: SILVIA LINETH MORA COTA | D100: 18 | E100: JUNIO | F100: 2011 | G100: SILVIA BIBIANA COTA PATIÑO | H100: JOSE SOLEDAD MORA FLORES | I100: HAIDE AMARILLAS MONTIJO
A101: 63 | B101: 63 | C101: ANGEL PAUL SOTO GUERRERO | D101: 18 | E101: JUNIO | F101: 2011 | G101: PERLA GUERRERO AGUILAR | H101: PAUL ANTONIO SOTO | I101: MARCO ANTONIO CASTRO SAENZ
A102: 64 | B102: 64 | C102: ARTURO BENCOMO ACOSTA | D102: 22 | E102: MAYO | F102: 2011 | G102: ARTURO BENCOMO ENRIQUEZ | H102: GLORIA ANGELICA ACOSTA PINON | I102: RENE ACOSTA PINON
A103: 65 | B103: 65 | C103: DIANA ALICIA LINO PEÑA | D103: 18 | E103: JUNIO | F103: 2011 | G103: ELIZABETH PEÑA REPRIETO | H103: JOSE LUIS LINO ESCOBEDO | I103: MARTHA ALICIA PEÑA REPRIETO
A104: 66 | B104: 66 | C104: ISRAEL FRANCISCO CARRANZA PEÑA | D104: 18 | E104: JUNIO | F104: 2011 | G104: ANA LILIA PEÑA REPRIETO | H104: GUSTAVO ADOLFO CARRANZA HEREDIA | I104: LUIS ORLANDO COLSA COTA Y JESUS ORLANDO COLSA MORENO
A105: 67 | B105: 67 | C105: CAROLINA DEL CARMEN GALINDO VALDES | D105: 2 | E105: JULIO | F105: 2011 | G105: CONCEPCION VALDES GARCIA | H105: JESUS MANUEL GALINDO PARRA | I105: MARTHA VALDES GARCIA
A106: 68 | B106: 68 | C106: MANUEL RAYMUNDO RAMIREZ MEXIA | D106: 18 | E106: JUNIO | F106: 2011 | G106: MARIA ISABEL MEXIA SANCHEZ | H106: MANUEL RAYMUNDO RAMIREZ WONG | I106: ROSA AIDE IBARRA SANCHEZ
A107: 69 | B107: 69 | C107: DENISSE FERNANDA BERNAL BURGOS | D107: 18 | E107: JUNIO | F107: 2011 | G107: ARIANNA VIANNEY BURGOS MORENO | H107: ABEL AHARON BERNAL PACHECO | I107: LUZ MERCEDES GARCIA RIVERA Y VICTOR MANUEL ENCINAS FIGUEROA
A108: 70 | B108: 70 | C108: FRYDA CASTRO VELAZCO | D108: 18 | E108: JUNIO | F108: 2011 | G108: MARIA EVELIA VELAZCO GONZALEZ | H108: EDGAR JOSUE CASTRO MONTES | I108: MARITZA MARICELA VELAZCO GONZALEZ
A109: 71 | B109: 71 | C109: JORGE ALBERTO FLORES ARAIZA | D109: 18 | E109: JUNIO | F109: 2011 | G109: SYLVIA PATRICIA ARAIZA MEZA | H109: JORGE JESUS FLORES ENCINAS | I109: MARIA ALEJANDRA FLORES ENCINAS
A110: 72 | B110: 72 | C110: ALEJANDRO LOPEZ CAÑEZ | D110: 18 | E110: JUNIO | F110: 2011 | G110: ARACELI CAÑEZ TORRES | H110: ALEJANDRO LOPEZ NORIEGA | I110: HUGO DANIEL LOPEZ NORIEGA Y JUDITH IMELDA CRUZ GARCIA
A111: 73 | B111: 73 | C111: FRANCISCO ALBERTO MURRIETA ARMENTA | D111: 18 | E111: JUNIO | F111: 2011 | G111: CLAUDIA GABRIELA ARMENTA MORAN | H111: FRANCISCO ALBERTO MURRIETA SESMA | I111: EDNA JANETH RENDON VILLA Y JUAN ALBERTO QUIJADA LOPEZ
... A124: 86 | B124: 86 | C124: JOSE RAMSES VILLA GARCIA | D124: 25 | E124: JUNIO | F124: 2011 | G124: E. MANUELA GARCIA SALAZAR | H124: JOSE ERNESTO VILLA FIGUEROA | I124: ROBERTO VALENZUELA MARTINEZ
A125: 87 | B125: 87 | C125: EMILIO ALEGRIA GARCIA | D125: 25 | E125: JUNIO | F125: 2011 | G125: NORMA PATRICIA ALEGRIA GARCIA | I125: OSCAR ISIDRO ALEGRIA GARCIA
A126: 88 | B126: 88 | C126: EZEQUIEL ENRIQUE PEDRAZA MONTAÑO | D126: 25 | E126: JUNIO | F126: 2011 | G126: IRMA ISABEL MONTAÑO FIGUEROA | H126: ALBERTO ENRIQUE PEDRAZA PAZ | I126: LUIS ARMANDO MONTOYA FIGUEROA
A127: 89 | B127: 89 | C127: YAZMIN JULIET MORALES SANTACRUZ | D127: 25 | E127: JUNIO | F127: 2011 | G127: NATIVIDAD SANTACRUZ | H127: JULIO ALFONSO MORALES MIRAZO | I127: ROSALBA CRUZ ARENAS
A128: 90 | B128: 90 | C128: AGUSTIN ALEJANDRO GUTIERREZ SABORI | D128: 25 | E128: JUNIO | F128: 2011 | G128: ZOILA SABORI BURROLA | H128: AGUSTIN GUTIERREZ BUSTAMANTE | I128: MANUEL ADRIAN VALENZUELA BACASEHUA
A129: 91 | B129: 91 | C129: YURIETH ISABEL JAQUEZ MONTAÑO | D129: 25 | E129: JUNIO | F129: 2011 | G129: IRMA ISABEL MONTAÑO FIGUEROA | H129: GILBERTO JAQUEZ CORRALES | I129: JOSEFINA CALVARIO FIGUEROA
A130: 92 | B130: 92 | C130: DIOSELYN DELGADO RAMIREZ | D130: 25 | E130: JUNIO | F130: 2011 | G130: BERTHA PATRICIA RAMIREZ PACHECO | H130: GERMAN DELGADO FELIX | I130: ANA DEL CARMEN CASTILLO SANCHEZ
A131: 93 | B131: 93 | C131: SERGIO OCTAVIO BRAVO SANCHEZ | D131: 25 | E131: JUNIO | F131: 2011 | G131: BLANCA LIDIA SANCHEZ ESCALANTE | H131: ANTONIO BRAVO RENTERIA | I131: JOSE ANTONIO MENDOZA CORONADO
A132: 94 | B132: 94 | C132: BRAYAN DAVID DUARTE BERNAL | D132: 25 | E132: JUNIO | F132: 2011 | G132: ROSA MARTHA BERNAL ROMERO | H132: ZENON ANCELMO DUARTE GARCIA | I132: MANUEL DE JESUS OCEJO BERNAL
A133: 95 | B133: 95 | C133: FRANCELIA SOCORRO ARMENTA DE LAS HERAS | D133: 25 | E133: JUNIO | F133: 2011 | G133: MA. DEL REFUGIO DE LAS HERAS TORRES | H133: FRANCISCO ARMENTA GRIJALVA | I133: MA. DEL SOCORRO DE LAS HERAS TORRES
A134: 96 | B134: 96 | C134: HECTOR ALFONSO OQUITA OVIEDO | D134: 25 | E134: JUNIO | F134: 2011 | G134: LETICIA ADRIANA OVIEDO GARCIA | H134: JOSE MARIA OQUITA SANCHEZ | I134: GUADALUPE PATRICIA RODRIGUEZ
A135: 97 | B135: 97 | C135: JOSE RAFAEL OQUITA OVIEDO | D135: 25 | E135: JUNIO | F135: 2011 | G135: LETICIA ADRIANA OVIEDO GARCIA | H135: JOSE MARIA OQUITA SANCHEZ | I135: BENJAMIN COVARRUBIAS Y LETICIA ANDREA OVIEDO
A136: 98 | B136: 98 | C136: LUCERO MARIA GUADALUPE RIOS GUTIERREZ | D136: 25 | E136: JUNIO | F136: 2011 | G136: LUCERO LIZETH GUTIERREZ GALVEZ | H136: JOSE PEDRO RIOS URQUIJO | I136: CARMEN ESTHER GALVEZ LOPEZ
A137: 99 | B137: 99 | C137: JENNIFER MARISOL COTA VALENZUELA | D137: 25 | E137: JUNIO | F137: 2011 | G137: GUADALUPE VALENZUELA CHAVEZ | H137: JESUS LORENZO COTA BELTRAN | I137: MARTHA LIZETH REYES NEVAREZ Y FELIPE DE JESUS LORENZO COTA BELTRAN
... A147: 109 | B147: 109 | C147: BIBIANA PIÑUELAS RUIZ | D147: 1 | E147: JULIO | F147: 2011 | G147: YESENIA JAZMIN RUIZ ITURBIDE | H147: RAMON ENRIQUE PIÑUELAS ZAZUETA | I147: ARACELY MARIA COTA ACOSTA
A148: 110 | B148: 110 | C148: VICTORIA ELENA GONZALEZ CASTRO | D148: 1 | E148: JULIO | F148: 2011 | G148: MIRSA LIZBETH GONZALEZ CASTRO | I148: MARIA ISABEL ECHEVERRIA CASTRO
A149: 111 | B149: 111 | C149: ZYANYA JANNETH MARTINEZ NAVARRETE | D149: 4 | E149: JUNIO | F149: 2011 | G149: KARLA JANNETH NAVARRETE PRADO | H149: ZARATIEL MARTINEZ LOPEZ | I149: MARIA DE LA CRUZ PRADO CENICEROS
A150: 112 | B150: 112 | C150: ENEY IRIDIAN VALLE ACUÑA | D150: 4 | E150: JUNIO | F150: 2011 | G150: MARIA TERESA ACUÑA GALVEZ | H150: JOSE LUIS VALLE OSUNA | I150: LAURA ELENA ACUÑA GALVEZ
A151: 113 | B151: 113 | C151: JOSE FERNANDO QUINTANA VAZQUEZ | D151: 4 | E151: JUNIO | F151: 2011 | G151: SILVIA JASMIN VAZQUEZ FIMBRES | H151: JOSE RAMON QUINTANA BURGUEÑO | I151: IGNACIO RUIZ AGUAMEA
A152: 114 | B152: 114 | C152: ELLIOTH EDUARDO LEON CARDENAS | D152: 4 | E152: JUNIO | F152: 2011 | G152: ZULEMA MARIA CARDENAS GARCIA | H152: ELLIOTH RAFAEL LEON MENDOZA | I152: VICTOR MANUEL CONTRERAS MENESES
A153: 115 | B153: 115 | C153: JORGE FRANCISCO MIRANDA CASTILLO | D153: 4 | E153: JUNIO | F153: 2011 | G153: ROSA ELVIRA CASTILLO RAMOS | H153: JORGE ROMAN MIRANDA ESPRIU | I153: CARLOS ALBERTO QUIÑONEZ
A154: 116 | B154: 116 | C154: CRISTAL VICTORIA ANDUJO MARTINEZ | D154: 4 | E154: JUNIO | F154: 2011 | G154: NIDIA VERONICA MARTINEZ MIRANDA | H154: VICTOR MANUEL ANDUJO MENDOZA | I154: BLANCA ISELA LUGO MARTINEZ
A155: 117 | B155: 117 | C155: ROSARIO JARELY CRUZ MONGE | D155: 4 | E155: JUNIO | F155: 2011 | G155: CECILIA GUADALUPE MONGE LIZARRAGA | H155: HERIBERTO CRUZ FEDERICO | I155: MAURICIO MONGE LIZARRAGA
A156: 118 | B156: 118 | C156: MARIA GUADALUPE HERNANDEZ RUIZ | D156: 4 | E156: JUNIO | F156: 2011 | G156: MYRNA YOLANDA RUIZ SIERRAS | H156: GUADALUPE CESAR HERNANDEZ GARCIA | I156: LUZ MERCEDES RUIZ SIERRAS
A157: 119 | B157: 119 | C157: RENE FRANCISCO RUIZ MENDEZ | D157: 4 | E157: JUNIO | F157: 2011 | G157: GLADIS MENDEZ IBARRA | H157: RENE RUIZ LIMA | I157: JESUS ALBERTO MENDEZ IBARRA
A158: 120 | B158: 120 | C158: OFELIA MARIANA CERVANTES PAEZ | D158: 4 | E158: JUNIO | F158: 2011 | G158: CECILIA MANUELA PAEZ SARABIA | H158: JOSE IGNACIO CERVANTES HIGAREDA | I158: ANA KARINA SOLORZANO OTERO
A159: 121 | B159: 121 | C159: LESLY GUADALUPE SANTACRUZ ZAMORA | D159: 4 | E159: JUNIO | F159: 2011 | G159: BLANCA VERENICE ZAMORA SOTO | H159: ERNESTO SANTACRUZ ROJAS | I159: GLORIA LUZ SANTACRUZ ROJAS
A160: 122 | B160: 122 | C160: AYLEEN CORTEZ FEDERICO | D160: 4 | E160: JUNIO | F160: 2011 | G160: VERONICA CORTEZ FEDERICO | I160: ERIKA ALINE CORTEZ FEDERICO
A161: 123 | B161: 123 | C161: MA. DEL CARMEN VEGA RUIZ | D161: 11 | E161: DICIEMBRE | F161: 2011 | G161: MA. LUISA RUIZ ARMENTA | H161: LUIS DEL CARMEN VEGA | I161: CLAUDIA GABRIELA ARMENTA MORAN
A162: 124 | B162: 124 | C162: GUADALUPE TRASVIÑA FIGUEROA | D162: 11 | E162: DICIEMBRE | F162: 2011 | G162: MINERVA FIGUEROA | H162: MIGUEL TRASVIÑA | I162: FRANCISCO ALBERTO MURRIETA SESMA
C164: CERTIFICADO DE PRIMERA COMUNION 2012
C165: NIÑO(A) | D165: DIA | E165: MES | F165: AÑO | G165: MAMA | H165: PAPA | I165: MADRINA O PADRINO | J165: PÁRROCO
A166: 1 | B166: 125 | C166: MARIA JOSE RAMIREZ MATUZ | D166: 7 | E166: ABRIL | F166: 2012 | G166: IGNACIA MATUZ ZAYAS | H166: MANUEL ARNULFO RAMIREZ GONZALEZ | I166: VERONICA ENCINAS VALENZUELA
A167: 2 | B167: 126 | C167: MARIA GUADALUPE RODRIGUEZ LEYVA | D167: 19 | E167: MAYO | F167: 2012 | G167: JUANA DE LOS REMEDIOS LEYVA MEDRANO | H167: FRANCISCO EDMUNDO RODRIGUEZ YEPIZ | I167: MARIA DE JESUS RIVERA
A168: 3 | B168: 127 | C168: ARMANDO SEBASTIAN DIAZ SILVA | D168: 19 | E168: MAYO | F168: 2012 | G168: IMELDA SILVA CAMPA | H168: NORMAN ARMANDO DIAZ MERCADO | I168: SILVIA SILVA CAMPA
A169: 4 | B169: 128 | C169: GEMA PATRICIA AHUMADA CADENA | D169: 19 | E169: MAYO | F169: 2012 | G169: LUZ MARINA CADENA GALINDO | H169: JOSE DE JESUS AHUMADA BARNES | I169: BLANCA AZUCENA MONTAÑO CADENA
A170: 5 | B170: 129 | C170: LUIS FERNANDO BENITEZ MUNGARAY | D170: 19 | E170: MAYO | F170: 2012 | G170: CLAUDIA ELENA BENITEZ MUNGARAY | I170: MARTIN ALBERTO BERRELLEZA GONZALEZ
A171: 6 | B171: 130 | C171: CAROLINA CALDERON LOPEZ | D171: 19 | E171: MAYO | F171: 2012 | G171: MARIA DEL ROSARIO LOPEZ VIERA | H171: JOSE VICENTE CALDERON QUINTANA | I171: GLORIA CALDERON QUINTANA
A172: 7 | B172: 131 | C172: ALEJANDRA ESQUER TONA | D172: 19 | E172: MAYO | F172: 2012 | G172: PAULA EDITH TONA MESSINA | H172: GERMAN GPE. ESQUER AYALA | I172: ELIA DEL ROSARIO IBARRA ESQUER
A173: 8 | B173: 132 | C173: VANESSA MERCADO RAMIREZ | D173: 19 | E173: MAYO | F173: 2012 | G173: EDNA RAMIREZ ROMO | H173: RAUL ENRIQUE MERCADO RODRIGUEZ | I173: MA. DEL ROSARIO LOPEZ VIERA
A174: 9 | B174: 133 | C174: NICOLE SAMANTHA MONTAÑO MENDOZA | D174: 19 | E174: MAYO | F174: 2012 | G174: MA. DE LOS ANGELES MENDOZA CRUZ | H174: MANUEL IVAN MONTAÑO GARFIAS | I174: LUZ ELENA MENDOZA PLAZA
A175: 10 | B175: 134 | C175: YULIANA ELIZABETH MORENO ESPINOZA | D175: 19 | E175: MAYO | F175: 2012 | G175: MA. GABRIELA ESPINOZA MORENO | H175: CARLOS EFREN MORENO DEL CASTILLO | I175: MA.DEL ROSARIO FIGUEROA ZARATE
A176: 11 | B176: 135 | C176: IVAN EUGENIO ORTEGA RAMOS | D176: 19 | E176: MAYO | F176: 2012 | G176: MARIA TRINIDAD RAMOS BARRON | H176: JUAN HORACIO ORTEGA ROMERO | I176: BETINA VALDEZ TAPIA
A177: 12 | B177: 136 | C177: NICOLE FERNANDA VALENCIA VALENZUELA | D177: 19 | E177: MAYO | F177: 2012 | G177: SINTIA FERNANDA VALENZUELA B. | H177: VICTOR MANUEL VALENCIA RUMBO | I177: SOCORRO MARTINEZ
...

Sheet IMPRESION-COMUNION
A1: 2715
C6: =LOOKUP($A$1,'1ra.COMUNION'!$B$35:C3016) -> ROBERTO ZAMORA CANTUA
D8: =IF(LOOKUP($A$1,'1ra.COMUNION'!$B$35:D3016)=0," ",LOOKUP($A$1,'1ra.COMUNION'!$B$35:G3018)) -> GILBERTO ZAMORA ORTEGA | I8: =IF(LOOKUP($A$1,'1ra.COMUNION'!$B$35:H3018)=0," ",LOOKUP($A$1,'1ra.COMUNION'!$B$35:H3018)) -> FLOR IVETTE CANTUA MATUS
H9: =LOOKUP(A1,'1ra.COMUNION'!B35:D3306) -> 4 | K9: =LOOKUP(A1,'1ra.COMUNION'!B35:E3306) -> JUNIO | M9: =LOOKUP(A1,'1ra.COMUNION'!B35:F3306) -> 2021
C12: =LOOKUP($A$1,'1ra.COMUNION'!$B$35:I3018) -> ALAN RENE CANTUA MATUS
L14: =IF(LOOKUP($A$1,'1ra.COMUNION'!$B$35:J1044)=""," ",LOOKUP($A$1,'1ra.COMUNION'!$B$35:J1044))
C20: NOTA: SOLO TECLEAR EN LA COLUMAN A1 EL NUMERO CORRESPONDA EN LA HOJA 1ra.COMUNION

Sheet CONFIRMACION
B3: CERTIFICADO DE CONFIRMACION 2010
B4: 4 DE JUNIO 2010
B5: NIÑA O NIÑO | C5: DIA | D5: MES | E5: AÑO | F5: PAPA | G5: MAMA | H5: MADRINA O PADRINO | I5: ARZOBISPO | J5: PARROCO | K5: LIBRO | L5: PAGINA | M5: PARTIDA
A8: 1 | B8: ANA CAROLINA ENRIQUEZ AGUIRRE | C8: 4 | D8: JUNIO | E8: 2010 | F8: GENARO ALBERTO ENRIQUEZ RASCON | G8: ANA CECILIA AGUIRRE MARTINEZ | H8: MAURICIO ENRIQUEZ RASCON | I8: JOSE ULISES MACIAS SALCEDO | J8: FELIPE DE JESUS ZARAGOZA ORTEGA | K8: 1 | L8: 1 | M8: 1
A9: 2 | B9: JUAN ANTONIO RAMIREZ RUIZ | C9: 4 | D9: JUNIO | E9: 2010 | F9: JUAN ANTONIO RAMIREZ PAREDES | G9: LUZ DEL CARMEN RUIZ TERAN | H9: JUAN ANTONIO RAMIREZ PAREDES | I9: JOSE ULISES MACIAS SALCEDO | J9: FELIPE DE JESUS ZARAGOZA ORTEGA | K9: 1 | L9: 1 | M9: 2
A10: 3 | B10: FRANCISCO JAVIER VALENCIA CORRALES | C10: 4 | D10: JUNIO | E10: 2010 | F10: FRANCISCO JAVIER VALENCIA DIAZ | G10: ALICIA CORRALES ROBLES | H10: FRANCISCO JAVIER VALENCIA DIAZ | I10: JOSE ULISES MACIAS SALCEDO | J10: FELIPE DE JESUS ZARAGOZA ORTEGA | K10: 1 | L10: 2 | M10: 3
A11: 4 | B11: LUIS ANGEL BORBON MONTES | C11: 4 | D11: JUNIO | E11: 2010 | F11: MIGUEL ANGEL BORBON CUELLAR | G11: HERMENEGILDA MONTES VALENZUELA | H11: ROSA ISELA MONTES VALENZUELA | I11: JOSE ULISES MACIAS SALCEDO | J11: FELIPE DE JESUS ZARAGOZA ORTEGA | K11: 1 | L11: 2 | M11: 4
A12: 5 | B12: CARLOS DE JESUS BRACAMONTES ESTRADA | C12: 4 | D12: JUNIO | E12: 2010 | F12: JOSE RAMON BRACAMONTES ESTRADA | G12: ERIKA VALENZUELA BELTRAN | H12: FRANCISCO A. RODRIGUEZ A. | I12: JOSE ULISES MACIAS SALCEDO | J12: FELIPE DE JESUS ZARAGOZA ORTEGA | K12: 1 | L12: 3 | M12: 5
A13: 6 | B13: AARON MICHEL ESESARTE RAMOS | C13: 4 | D13: JUNIO | E13: 2010 | F13: WILBER ESESARTE TOLEDO | G13: ELVIA RAMOS COTA | H13: REYES SANCHEZ CARILLO | I13: JOSE ULISES MACIAS SALCEDO | J13: FELIPE DE JESUS ZARAGOZA ORTEGA | K13: 1 | L13: 3 | M13: 6
A14: 7 | B14: LUIS ANGEL MOLINA ARAGON | C14: 4 | D14: JUNIO | E14: 2010 | F14: RAFAEL MOLINA ARCE | G14: CONCEPCION ARAGON MENDIVIL | H14: RAFAELA BARRERAS SAÑUDO | I14: JOSE ULISES MACIAS SALCEDO | J14: FELIPE DE JESUS ZARAGOZA ORTEGA | K14: 1 | L14: 4 | M14: 7
A15: 8 | B15: CARLOS ALEXIS PORTILLO GUZMAN | C15: 4 | D15: JUNIO | E15: 2010 | F15: CARLOS RENE PORTILLO JACOBO | G15: DORA MARIA GUZMAN PEREZ | H15: JORGE RIVERA VAZQUEZ | I15: JOSE ULISES MACIAS SALCEDO | J15: FELIPE DE JESUS ZARAGOZA ORTEGA | K15: 1 | L15: 4 | M15: 8
A16: 9 | B16: ALFREDO RAMIREZ BURGUEÑO | C16: 4 | D16: JUNIO | E16: 2010 | F16: MANUEL DE JESUS RAMIREZ MOROYOQUI | G16: ROSARIO ADRIANA BURGUEÑO | H16: JUAN MIGUEL NORZAGARY FELIX | I16: JOSE ULISES MACIAS SALCEDO | J16: FELIPE DE JESUS ZARAGOZA ORTEGA | K16: 1 | L16: 5 | M16: 9
A17: 10 | B17: CAMILA ALCANTAR EVANS | C17: 4 | D17: JUNIO | E17: 2010 | F17: JUAN MANUEL ALCANTAR CORELLA | G17: MARIA GUADALUPE EVANS DE ALCANTAR | H17: MYRNA DANIELA ESCALANTE EVANS | I17: JOSE ULISES MACIAS SALCEDO | J17: FELIPE DE JESUS ZARAGOZA ORTEGA | K17: 1 | L17: 5 | M17: 10
A18: 11 | B18: HIRLANY DIANEY CHAIDEZ AMAYA | C18: 4 | D18: JUNIO | E18: 2010 | F18: JORGE CHAIDEZ GUZMAN | G18: SILVIA AMAYA CRUZ | H18: MELINA CASTILLO RAMIREZ | I18: JOSE ULISES MACIAS SALCEDO | J18: FELIPE DE JESUS ZARAGOZA ORTEGA | K18: 1 | L18: 6 | M18: 11
A19: 12 | B19: JESUS ANTONIO RAMIREZ LUNA | C19: 4 | D19: JUNIO | E19: 2010 | G19: MARTHA CECILIA RAMIREZ LUNA | H19: JESUS GUSTAVO RODRIGUEZ LUNA | I19: JOSE ULISES MACIAS SALCEDO | J19: FELIPE DE JESUS ZARAGOZA ORTEGA | K19: 1 | L19: 6 | M19: 12
A20: 13 | B20: ELVIA ALICIA GRADILLAS MOJUTA | C20: 4 | D20: JUNIO | E20: 2010 | F20: MARCO ANTONIO GRADILLAS QUINTANA | G20: MARIA ARMIDA MOJUTA GRACIA | H20: MARIA GLORIA MARTINA GRADILLAS QUINTANA | I20: JOSE ULISES MACIAS SALCEDO | J20: FELIPE DE JESUS ZARAGOZA ORTEGA | K20: 1 | L20: 7 | M20: 13
A21: 14 | B21: CLARA ALEXIA GRADILAS MOJUTA | C21: 4 | D21: JUNIO | E21: 2010 | F21: MARCO ANTONIO GRADILLAS QUINTANA | G21: MARIA ARMIDA MOJUTA GRACIA | H21: ESTHER JUDITH GAXIOLA | I21: JOSE ULISES MACIAS SALCEDO | J21: FELIPE DE JESUS ZARAGOZA ORTEGA | K21: 1 | L21: 7 | M21: 14
A22: 15 | B22: EDGAR LEONARDO DE AGUAYO PADILLA | C22: 4 | D22: JUNIO | E22: 2010 | F22: GUSTAVO L. DE AGUAYO A. | G22: BLANCA AZUCENA PADILLA I. | H22: JORGE ALFREDO PADILLA IBARRA | I22: JOSE ULISES MACIAS SALCEDO | J22: FELIPE DE JESUS ZARAGOZA ORTEGA | K22: 1 | L22: 8 | M22: 15
A23: 16 | B23: MARIA JOSE DE AGUAYO PADILLA | C23: 4 | D23: JUNIO | E23: 2010 | F23: GUSTAVO L. DE AGUAYO A. | G23: BLANCA AZUCENA PADILLA I. | H23: LETICIA GUADALUPE AGUAYO ARIAS | I23: JOSE ULISES MACIAS SALCEDO | J23: FELIPE DE JESUS ZARAGOZA ORTEGA | K23: 1 | L23: 8 | M23: 16
A24: 17 | B24: SEBASTIAN SALAS MARES | C24: 4 | D24: JUNIO | E24: 2010 | F24: MARIO EDUARDO SALAS HERNANDEZ | G24: MARIANA MARES TORRES | H24: AGUSTIN SALAS HERNANDEZ | I24: JOSE ULISES MACIAS SALCEDO | J24: FELIPE DE JESUS ZARAGOZA ORTEGA | K24: 1 | L24: 9 | M24: 17
A25: 18 | B25: PATRICIA GUADALUPE ANDRADE DURAZO | C25: 4 | D25: JUNIO | E25: 2010 | F25: ISRAEL ANDRADE MAGAÑA | G25: CLAUDIA DURAZO MUNGUIA | H25: MARIA DOLORES DURAZO | I25: JOSE ULISES MACIAS SALCEDO | J25: FELIPE DE JESUS ZARAGOZA ORTEGA | K25: 1 | L25: 9 | M25: 18
A26: 19 | B26: JESUS GUILLERMO RAMOS OLEA | C26: 4 | D26: JUNIO | E26: 2010 | F26: FRANCISCO JAVIER RAMOS AHUMADA | G26: SONIA ELIZABETH OLEA FIGUEROA | H26: JESUS GUSTAVO RODRIGUEZ LUNA | I26: JOSE ULISES MACIAS SALCEDO | J26: FELIPE DE JESUS ZARAGOZA ORTEGA | K26: 1 | L26: 10 | M26: 19
A27: 20 | B27: ANGEL ALEXIS SOLIS PAYAN | C27: 4 | D27: JUNIO | E27: 2010 | F27: JOSE A. SOLIS | G27: CRUZ PAYAN | H27: FIDEL PAYAN OLVERA | I27: JOSE ULISES MACIAS SALCEDO | J27: FELIPE DE JESUS ZARAGOZA ORTEGA | K27: 1 | L27: 10 | M27: 20
A28: 21 | B28: DANIEL GILBERTO ESCARCEGA MAYORQUIN | C28: 4 | D28: JUNIO | E28: 2010 | F28: JUAN CARLOS ESCARCEGA MADRID | G28: EVA LIDIA MAYORQUIN | H28: JORGE FRANCISCO RUIZ MADRID | I28: JOSE ULISES MACIAS SALCEDO | J28: FELIPE DE JESUS ZARAGOZA ORTEGA | K28: 1 | L28: 11 | M28: 21
A29: 22 | B29: JULIO CESAR MIRANDA NAVARRO | C29: 4 | D29: JUNIO | E29: 2010 | F29: MARCO VINICIO MIRANDA | G29: SILVIA GUADALUPE NAVARRO | H29: JESUS ALBERTO FLORES BALDERRAMA | I29: JOSE ULISES MACIAS SALCEDO | J29: FELIPE DE JESUS ZARAGOZA ORTEGA | K29: 1 | L29: 11 | M29: 22
A30: 23 | B30: MARTHA TERESITA LEON RAMOS | C30: 4 | D30: JUNIO | E30: 2010 | F30: GUILLERMO LEON RODRIGUEZ | G30: NILLIRMA YSELA RAMOS GARCIA | H30: ELVIRA CABUTO | I30: JOSE ULISES MACIAS SALCEDO | J30: FELIPE DE JESUS ZARAGOZA ORTEGA | K30: 1 | L30: 12 | M30: 23
A31: 24 | B31: MARIA GUADALUPE CORONADO MEJIA | C31: 4 | D31: JUNIO | E31: 2010 | F31: EDUARDO RAMON CORONADO CONTRERAS | G31: MARIA DEL CARMEN MEJIA DOMINGUEZ | H31: MA. GUADALUPE CORONADO CONTREREAS | I31: JOSE ULISES MACIAS SALCEDO | J31: FELIPE DE JESUS ZARAGOZA ORTEGA | K31: 1 | L31: 12 | M31: 24
... A33: 26 | B33: AMERICA JUDITH OLIVAS GARCIA | C33: 4 | D33: JUNIO | E33: 2010 | F33: JESUS MANUEL OLIVAS RIOS | G33: BLANCA ARACELY GARCIA ROMERO | H33: ALMA ANGELICA SAU SESMA | I33: JOSE ULISES MACIAS SALCEDO | J33: FELIPE DE JESUS ZARAGOZA ORTEGA | K33: 1 | L33: 13 | M33: 26
A34: 27 | B34: FRANCISCO GUSTAVO BERNAL | C34: 4 | D34: JUNIO | E34: 2010 | G34: MARIA DEL ROSARIO BERNAL SOTO | H34: CARLOS BERNAL SOTO | I34: JOSE ULISES MACIAS SALCEDO | J34: FELIPE DE JESUS ZARAGOZA ORTEGA | K34: 1 | L34: 14 | M34: 27
A35: 28 | B35: ANTHONY ALEXIS SANCHEZ HERNANDEZ | C35: 4 | D35: JUNIO | E35: 2010 | F35: ANDRES SANCHEZ MEDINA | G35: YELENIA M. HERNANDEZ | H35: RICARDO HERNANDEZ MIRANDA | I35: JOSE ULISES MACIAS SALCEDO | J35: FELIPE DE JESUS ZARAGOZA ORTEGA | K35: 1 | L35: 14 | M35: 28
A36: 29 | B36: BLANCA MAGDALENA CARRILLO GUTIERREZ | C36: 4 | D36: JUNIO | E36: 2010 | F36: DOMINGO ISRAEL CARRILLO GUTIERREZ | G36: BLANCA IRENE GUTIERREZ GRIJALVA | H36: ESTHER ALICIA GOMEZ RODRIGUEZ | I36: JOSE ULISES MACIAS SALCEDO | J36: FELIPE DE JESUS ZARAGOZA ORTEGA | K36: 1 | L36: 15 | M36: 29
A37: 30 | B37: ANGELICA IRAIS LOPEZ HERNANDEZ | C37: 4 | D37: JUNIO | E37: 2010 | F37: JORGE RICARDO LOPEZ ORTEGA | G37: FERNANDA IRAIS HERNANDEZ ZAMORA | H37: FCA. MARTHA YESENIA RUELAS CANO | I37: JOSE ULISES MACIAS SALCEDO | J37: FELIPE DE JESUS ZARAGOZA ORTEGA | K37: 1 | L37: 15 | M37: 30
A38: 31 | B38: CINTHIA EBELICE SANTOYO ROMO | C38: 4 | D38: JUNIO | E38: 2010 | F38: JOAQUIN MARTIN SANTOYO RAMIREZ | G38: IMELDA ALICIA ROMO LACARRA | H38: ANA CECILIA SANTOYO | I38: JOSE ULISES MACIAS SALCEDO | J38: FELIPE DE JESUS ZARAGOZA ORTEGA | K38: 1 | L38: 16 | M38: 31
A39: 32 | B39: ALEXIA FERNANDA VALDEZ MOLINA | C39: 4 | D39: JUNIO | E39: 2010 | F39: JOAQUIN MARTIN SANTOYO RAMIREZ | G39: IMELDA ALICIA ROMO LACARRA | H39: CARMEN CECILIA CASTILLO DURAN | I39: JOSE ULISES MACIAS SALCEDO | J39: FELIPE DE JESUS ZARAGOZA ORTEGA | K39: 1 | L39: 16 | M39: 32
A40: 33 | B40: ANA CLAUDINA VALENZUELA ROMERO | C40: 4 | D40: JUNIO | E40: 2010 | F40: ROBERTO VALENZUELA TREJO | G40: MARITZA ANGELICA ROMERO CORDOVA | H40: MA. DE LOS ANGELES CORDOVA | I40: JOSE ULISES MACIAS SALCEDO | J40: FELIPE DE JESUS ZARAGOZA ORTEGA | K40: 1 | L40: 17 | M40: 33
A41: 34 | B41: ANDREA CAROLINA MENDIVIL LOPEZ | C41: 4 | D41: JUNIO | E41: 2010 | F41: TRINIDAD MENDIVIL VALENZUELA | G41: LUZ AMALIA LOPEZ RODRIGUEZ | H41: GUADALUPE LOPEZ RODRIGUEZ | I41: JOSE ULISES MACIAS SALCEDO | J41: FELIPE DE JESUS ZARAGOZA ORTEGA | K41: 1 | L41: 17 | M41: 34
A42: 35 | B42: ANEL SHIOMARA ARIAS | C42: 4 | D42: JUNIO | E42: 2010 | G42: CLAUDIA ANEL ARIAS CASTRO | H42: MARIA GUADALUPE ARIAS CASTRO | I42: JOSE ULISES MACIAS SALCEDO | J42: FELIPE DE JESUS ZARAGOZA ORTEGA | K42: 1 | L42: 18 | M42: 35
A43: 36 | B43: ANETTE JOSELINE GARCIA OLIVARRIA | C43: 4 | D43: JUNIO | E43: 2010 | F43: JOSE IGNACIO GARCIA FELIX | G43: ALBA ELENA OLIVARRIA LARA | H43: MA. TERESA VEGA | I43: JOSE ULISES MACIAS SALCEDO | J43: FELIPE DE JESUS ZARAGOZA ORTEGA | K43: 1 | L43: 18 | M43: 36
A44: 37 | B44: ANGELA JOSELIN VALENZUELA | C44: 4 | D44: JUNIO | E44: 2010 | G44: ANABEL VALENZUELA NUÑEZ | H44: GISELA GUADALUPE DURAZO MIRANDA | I44: JOSE ULISES MACIAS SALCEDO | J44: FELIPE DE JESUS ZARAGOZA ORTEGA | K44: 1 | L44: 19 | M44: 37
A45: 38 | B45: BRIANDA GUADALUPE CRUZ MONGE | C45: 4 | D45: JUNIO | E45: 2010 | F45: HERIBERTO CRUZ FEDERICO | G45: CECILIA GUADALUPE MONGE | H45: MARIA ISABEL FEDERICO REINA | I45: JOSE ULISES MACIAS SALCEDO | J45: FELIPE DE JESUS ZARAGOZA ORTEGA | K45: 1 | L45: 19 | M45: 38
A46: 39 | B46: CAROLINA PEREZ LOPEZ | C46: 4 | D46: JUNIO | E46: 2010 | F46: RENE PEREZ GUTIERREZ | G46: ELSA LOPEZ CASTILLO | H46: TERESITA OCHOA NICHOLS | I46: JOSE ULISES MACIAS SALCEDO | J46: FELIPE DE JESUS ZARAGOZA ORTEGA | K46: 1 | L46: 20 | M46: 39
A47: 40 | B47: CESAR DEL VALLE ORTEGA | C47: 4 | D47: JUNIO | E47: 2010 | F47: CESAR DEL VALLE ENCINAS | G47: MARIBEL ORTEGA | H47: CESAR DEL VALLE ENCINAS | I47: JOSE ULISES MACIAS SALCEDO | J47: FELIPE DE JESUS ZARAGOZA ORTEGA | K47: 1 | L47: 20 | M47: 40
A48: 41 | B48: CYNTHIA ALINE VILLALOBOS FERNANDEZ | C48: 4 | D48: JUNIO | E48: 2010 | F48: RAFAEL ESTREBERTO VILLALOBOS VEGA | G48: ROSA MIRIAM FERNANDEZ OLOÑO | H48: LIZETH FERNANDEZ OLOÑO | I48: JOSE ULISES MACIAS SALCEDO | J48: FELIPE DE JESUS ZARAGOZA ORTEGA | K48: 1 | L48: 21 | M48: 41
A49: 42 | B49: DANIEL ALEJANDRO VIRGEN MENDEZ | C49: 4 | D49: JUNIO | E49: 2010 | F49: GABRIEL VIRGEN | G49: AZUCENA MENDEZ | H49: ELMER MIGUEL MANJARREZ | I49: JOSE ULISES MACIAS SALCEDO | J49: FELIPE DE JESUS ZARAGOZA ORTEGA | K49: 1 | L49: 21 | M49: 42
A50: 43 | B50: DIEGO ARMANDO MATA TRUJILLO | C50: 4 | D50: JUNIO | E50: 2010 | F50: JOSE MANUEL MATA VALDEZ | G50: ANA CECILIA TRUJILLO ZAMORA | H50: MANUEL RICARDO TAPIA BLANCO | I50: JOSE ULISES MACIAS SALCEDO | J50: FELIPE DE JESUS ZARAGOZA ORTEGA | K50: 1 | L50: 22 | M50: 43
A51: 44 | B51: ENRIQUE ALEJANDRO LEOS VELADOR | C51: 4 | D51: JUNIO | E51: 2010 | F51: JORGE AURELIO LEOS TORRES | G51: JULIA VELADOR LAMAS | H51: HUMBERTO GONZALEZ OROZCO | I51: JOSE ULISES MACIAS SALCEDO | J51: FELIPE DE JESUS ZARAGOZA ORTEGA | K51: 1 | L51: 22 | M51: 44
A52: 45 | B52: GABRIEL ALEJANDRO CABRERA RAMOS | C52: 4 | D52: JUNIO | E52: 2010 | F52: JESUS ALBERTO CABRERA MENDOZA | G52: LORENIA GUADALUPE RAMOS FELIX | H52: ISABEL CRISTINA ENRIQUEZ RODRIGUEZ | I52: JOSE ULISES MACIAS SALCEDO | J52: FELIPE DE JESUS ZARAGOZA ORTEGA | K52: 1 | L52: 23 | M52: 45
A53: 46 | B53: GERARDO CAÑEZ CARRILLO | C53: 4 | D53: JUNIO | E53: 2010 | F53: GERARDO CAÑEZ LIMON | G53: MA. DEL CARMEN CARRILLO OROZCO | H53: WILFRIDO YEOMANS OROZCO | I53: JOSE ULISES MACIAS SALCEDO | J53: FELIPE DE JESUS ZARAGOZA ORTEGA | K53: 1 | L53: 23 | M53: 46
A54: 47 | B54: JESSICA YOCELIN GRACIA ARIAS | C54: 4 | D54: JUNIO | E54: 2010 | F54: JORGE MANUEL GRACIA GUEVARA | G54: ALMA JESUS ARIAS MOLINA | H54: VERONICA IBARRA | I54: JOSE ULISES MACIAS SALCEDO | J54: FELIPE DE JESUS ZARAGOZA ORTEGA | K54: 1 | L54: 24 | M54: 47
A55: 48 | B55: JESUS RAMON VALENZUELA MATUZ | C55: 4 | D55: JUNIO | E55: 2010 | F55: JOSE RAMON VALENZUELA ARMENTA | G55: MARIA LOURDES MATUZ AGUILAR | H55: JOSE FRANCISCO PATRICIO ESPINOZA VAZQUEZ | I55: JOSE ULISES MACIAS SALCEDO | J55: FELIPE DE JESUS ZARAGOZA ORTEGA | K55: 1 | L55: 24 | M55: 48
A56: 49 | B56: JONATHAN EMMANUEL HERNANDEZ GUZMAN | C56: 4 | D56: JUNIO | E56: 2010 | F56: JUAN MANUEL HERNANDEZ | G56: ROSA NELY GUZMAN LEYCO | H56: RAMON FLORES COTA | I56: JOSE ULISES MACIAS SALCEDO | J56: FELIPE DE JESUS ZARAGOZA ORTEGA | K56: 1 | L56: 25 | M56: 49
... A105: 98 | B105: JOSE ALFREDO HERRERA GLICK | C105: 4 | D105: JUNIO | E105: 2010 | F105: ALFREDO HERRERA | G105: CAROL ANN GLICK | H105: GUADALUPE RAMIREZ DE GARCIA | I105: JOSE ULISES MACIAS SALCEDO | J105: FELIPE DE JESUS ZARAGOZA ORTEGA | K105: 1 | L105: 49 | M105: 98
B108: CERTIFICADO DE CONFIRMACION 2011
B109: 9 DE JUNIO DE 2011
B110: NIÑA O NIÑO | C110: DIA | D110: MES | E110: AÑO | F110: PAPA | G110: MAMA | H110: MADRINA O PADRINO | I110: ARZOBISPO | J110: PARROCO | K110: LIBRO | L110: PAGINA | M110: PARTIDA
A111: 99 | B111: FRANCISCO EDMUNDO RODRIGUEZ LAYVA | C111: 9 | D111: JUNIO | E111: 2011 | F111: FCO. EDMUNDO RODRIGUEZ Y. | G111: JUANA DE LOS REMEDIOS LEYVA MEDRANO | H111: FRANCISCO AMADO RODRIGUEZ YEPIZ | I111: JOSE ULISES MACIAS SALCEDO | J111: FELIPE DE JESUS ZARAGOZA ORTEGA | K111: 1 | L111: 50 | M111: 99
A112: 100 | B112: JOSE ANTHONY FRAGOSO LUGO | C112: 9 | D112: JUNIO | E112: 2011 | G112: CARMEN FRAGOSO LUGO | H112: RAFAEL VALLECILLO VALADEZ | I112: JOSE ULISES MACIAS SALCEDO | J112: FELIPE DE JESUS ZARAGOZA ORTEGA | K112: 1 | L112: 50 | M112: 100
A113: 101 | B113: LUIS EDGARDO PAZ GOMEZ | C113: 9 | D113: JUNIO | E113: 2011 | F113: LUIS EDGARDO PAZ GARCIA | G113: NIDIA GAMEZ GAMEZ | H113: LUIS ALFONSO GAMEZ GAMEZ | I113: JOSE ULISES MACIAS SALCEDO | J113: FELIPE DE JESUS ZARAGOZA ORTEGA | K113: 1 | L113: 51 | M113: 101
A114: 102 | B114: MONICA MICHELLE ACEDO GAXIOLA | C114: 9 | D114: JUNIO | E114: 2011 | F114: GUSTAVO E. ACEDO RAMIREZ | G114: GUADALUPE GAXIOLA SANTACRUZ | H114: MA. TERESA GAXIOLA SANTACRUZ | I114: JOSE ULISES MACIAS SALCEDO | J114: FELIPE DE JESUS ZARAGOZA ORTEGA | K114: 1 | L114: 51 | M114: 102
A115: 103 | B115: SHELTZY JANETH GOMEZ BECERRA | C115: 9 | D115: JUNIO | E115: 2011 | F115: PABLO ALBERTO GOMEZ OCHOA | G115: GPE. ISABEL BECERRA SILVA | H115: NORMA ISELA BECERRA SILVA | I115: JOSE ULISES MACIAS SALCEDO | J115: FELIPE DE JESUS ZARAGOZA ORTEGA | K115: 1 | L115: 52 | M115: 103
A116: 104 | B116: VALERIA IRIQUI CASTRO | C116: 9 | D116: JUNIO | E116: 2011 | F116: FCO. JAVIER IRIQUI RAMIREZ | G116: TERESA CASTRO MORENO | H116: FRANCISCA ROMERO CASTRO | I116: JOSE ULISES MACIAS SALCEDO | J116: FELIPE DE JESUS ZARAGOZA ORTEGA | K116: 1 | L116: 52 | M116: 104
A117: 105 | B117: BERENICE CHENO VALENZUELA | C117: 9 | D117: JUNIO | E117: 2011 | F117: MANUEL EVERARDO CHENO MORENO | G117: GUADALUPE VALENZUELA | H117: ROSA AIDA RIOS MARQUEZ | I117: JOSE ULISES MACIAS SALCEDO | J117: FELIPE DE JESUS ZARAGOZA ORTEGA | K117: 1 | L117: 53 | M117: 105
A118: 106 | B118: LILIA KASSANDRA LOPEZ MENDEZ | C118: 9 | D118: JUNIO | E118: 2011 | F118: CESAR ENRIQUE LOPEZ | G118: SANDRA MA. MENDEZ | H118: ANABEL LUNA RODRIGUEZ | I118: JOSE ULISES MACIAS SALCEDO | J118: FELIPE DE JESUS ZARAGOZA ORTEGA | K118: 1 | L118: 53 | M118: 106
A119: 107 | B119: VIVIANA ISABEL SESMA ROMERO | C119: 9 | D119: JUNIO | E119: 2011 | G119: GUADALUPE MANUELA SESMA ROMERO | H119: MARIA ISELA BARRERAS V. | I119: JOSE ULISES MACIAS SALCEDO | J119: FELIPE DE JESUS ZARAGOZA ORTEGA | K119: 1 | L119: 54 | M119: 107
A120: 108 | B120: KAREN ARLETH SESMA LLANEZ | C120: 9 | D120: JUNIO | E120: 2011 | G120: GRISELDA JULIETA SESMA LLANEZ | H120: MARIA ELVIRA ROSALES VALENZUELA | I120: JOSE ULISES MACIAS SALCEDO | J120: FELIPE DE JESUS ZARAGOZA ORTEGA | K120: 1 | L120: 54 | M120: 108
A121: 109 | B121: MONICA GUADALUPE SERNA MEDINA | C121: 9 | D121: JUNIO | E121: 2011 | F121: ANTONIO SERNA VALENZUELA | G121: GUADALUPE MEDINA GAXIOLA | H121: BERTHA PATRICIA RAMIREZ PACHECO | I121: JOSE ULISES MACIAS SALCEDO | J121: FELIPE DE JESUS ZARAGOZA ORTEGA | K121: 1 | L121: 55 | M121: 109
A122: 110 | B122: TANIA GUADALUPE AGUIRRE FRANKO | C122: 9 | D122: JUNIO | E122: 2011 | F122: JOSE ALFREDO AGUIRRE CONTRERAS | G122: MA. DE JESUS FRANKO USARRAGA | H122: SILVIA NAVARRO | I122: JOSE ULISES MACIAS SALCEDO | J122: FELIPE DE JESUS ZARAGOZA ORTEGA | K122: 1 | L122: 55 | M122: 110
A123: 111 | B123: EVA MANUELA CASTRO SANTAÑENO | C123: 9 | D123: JUNIO | E123: 2011 | F123: RAMON CASTRO OLIVARES | G123: MARIA GUADALUPE SANTAÑENO CASTILLO | H123: RAMON DE JESUS CASTRO SANTAÑENO | I123: JOSE ULISES MACIAS SALCEDO | J123: FELIPE DE JESUS ZARAGOZA ORTEGA | K123: 1 | L123: 56 | M123: 111
A124: 112 | B124: ELVA PAMELA CASTRO SANTAÑENO | C124: 9 | D124: JUNIO | E124: 2011 | F124: RAMON CASTRO OLIVARES | G124: MARIA GUADALUPE SANTAÑENO CASTILLO | H124: OSCAR E. CASTRO SANTAÑENO | I124: JOSE ULISES MACIAS SALCEDO | J124: FELIPE DE JESUS ZARAGOZA ORTEGA | K124: 1 | L124: 56 | M124: 112
A125: 113 | B125: RAMON ENRIQUE BORQUEZ SANCHEZ | C125: 9 | D125: JUNIO | E125: 2011 | F125: RAMON A. BORQUEZ CRUZ | G125: LUZ DEL CARMEN SANCHEZ SANCHEZ | H125: JOSE ANTONIO VALENZUELA LOPEZ | I125: JOSE ULISES MACIAS SALCEDO | J125: FELIPE DE JESUS ZARAGOZA ORTEGA | K125: 1 | L125: 57 | M125: 113
A126: 114 | B126: JHON ABAD LOPEZ MONTAÑO | C126: 9 | D126: JUNIO | E126: 2011 | F126: JHON ABAD LOPEZ | G126: MARITZA MONTAÑO | H126: CARLOS ARMANDO DE LA TOBA TORRES | I126: JOSE ULISES MACIAS SALCEDO | J126: FELIPE DE JESUS ZARAGOZA ORTEGA | K126: 1 | L126: 57 | M126: 114
A127: 115 | B127: FRANCISCO ALEJANDRO SANCHEZ RAMIRES | C127: 9 | D127: JUNIO | E127: 2011 | F127: JOSE RAMON SANCHEZ MALDONADO | G127: MARIA VICTORIA RAMIREZ GONZALEZ | H127: VICTOR HUGO MARQUEZ ZAMORANO | I127: JOSE ULISES MACIAS SALCEDO | J127: FELIPE DE JESUS ZARAGOZA ORTEGA | K127: 1 | L127: 58 | M127: 115
A128: 116 | B128: JUAN ALBERTO MARQUEZ MADA | C128: 9 | D128: JUNIO | E128: 2011 | F128: VICTOR HUGO MARQUEZ ZAMORANO | G128: CECILIA ESMERALDA MADA MONTAÑO | H128: RAFAEL MADA MONTAÑO | I128: JOSE ULISES MACIAS SALCEDO | J128: FELIPE DE JESUS ZARAGOZA ORTEGA | K128: 1 | L128: 58 | M128: 116
A129: 117 | B129: DANIEL ANTONIO BRAVO SANCHEZ | C129: 9 | D129: JUNIO | E129: 2011 | F129: ANTONIO BRAVO RENTERIA | G129: BLANCA LYDIA SANCHEZ ESCALANTE | H129: JESUS M. LEYVA Y ANEL Y. ALCANTAR CALDERON | I129: JOSE ULISES MACIAS SALCEDO | J129: FELIPE DE JESUS ZARAGOZA ORTEGA | K129: 1 | L129: 59 | M129: 117
A130: 118 | B130: JESUS ALONSO LOPEZ MONTAÑO | C130: 9 | D130: JUNIO | E130: 2011 | F130: JHON ABAD LOPEZ | G130: MARITZA MONTAÑO | H130: ROQUE AHUMADA | I130: JOSE ULISES MACIAS SALCEDO | J130: FELIPE DE JESUS ZARAGOZA ORTEGA | K130: 1 | L130: 59 | M130: 118
A131: 119 | B131: ALEJANDRO DEL VALLE ORTEGA | C131: 9 | D131: JUNIO | E131: 2011 | F131: CESAR DEL VALLE ENCINAS | G131: MARIBEL ORTEGA GARCIA | H131: FLAVIA GARCIA MARTINEZ | I131: JOSE ULISES MACIAS SALCEDO | J131: FELIPE DE JESUS ZARAGOZA ORTEGA | K131: 1 | L131: 60 | M131: 119
A132: 120 | B132: ARLENNE SANTELIZ VALENZUELA | C132: 9 | D132: JUNIO | E132: 2011 | I132: JOSE ULISES MACIAS SALCEDO | J132: FELIPE DE JESUS ZARAGOZA ORTEGA | K132: 1 | L132: 60 | M132: 120
A133: 121 | B133: BEATRIZ KARINA DAVILA GUTIERREZ | C133: 9 | D133: JUNIO | E133: 2011 | F133: NOE FRANCISCO DAVILA ROMERO | G133: BEATRIZ EUGENIA GUTIERREZ CORONADO | H133: ALEJANDRINA GUTIERREZ CORONADO | I133: JOSE ULISES MACIAS SALCEDO | J133: FELIPE DE JESUS ZARAGOZA ORTEGA | K133: 1 | L133: 61 | M133: 121
A134: 122 | B134: DANIEL ALEJANDRO GARCIA ZAVALA | C134: 9 | D134: JUNIO | E134: 2011 | F134: GUADALUPE GARCIA MENDOZA | G134: ADRINA ZAVALA MEDRANO | H134: JESUS ALBERTO ZAVALA MEDRANO | I134: JOSE ULISES MACIAS SALCEDO | J134: FELIPE DE JESUS ZARAGOZA ORTEGA | K134: 1 | L134: 61 | M134: 122
A135: 123 | B135: ALEJANDRINA BORQUEZ GUTIERREZ | C135: 9 | D135: JUNIO | E135: 2011 | F135: JAVIER R. BORQUEZ ISLAS | G135: ALEJANDRINA GUTIERREZ CORONADO | H135: BEATRIZ EUGENIA BORQUEZ CORONADO | I135: JOSE ULISES MACIAS SALCEDO | J135: FELIPE DE JESUS ZARAGOZA ORTEGA | K135: 1 | L135: 62 | M135: 123
A136: 124 | B136: ROSA MARIA HERNANDEZ OZUNA | C136: 9 | D136: JUNIO | E136: 2011 | F136: ALBERTO HERNANDEZ MUÑOZ | G136: ROSA OZUNA DIAZ | H136: DELIA CRISTINA PARRA ACOSTA | I136: JOSE ULISES MACIAS SALCEDO | J136: FELIPE DE JESUS ZARAGOZA ORTEGA | K136: 1 | L136: 62 | M136: 124
A137: 125 | B137: REYNA GUADALUPE HERNANDEZ OZUNA | C137: 9 | D137: JUNIO | E137: 2011 | F137: ALBERTO HERNANDEZ MUÑOZ | G137: ROSA OZUNA DIAZ | H137: MARIA DEL ROSARIO ESPINOZA ARVIZU | I137: JOSE ULISES MACIAS SALCEDO | J137: FELIPE DE JESUS ZARAGOZA ORTEGA | K137: 1 | L137: 63 | M137: 125
A138: 126 | B138: JULIO CESAR LOPEZ CHAVEZ | C138: 9 | D138: JUNIO | E138: 2011 | F138: JULIO CESAR LOPEZ MADRID | G138: MARIA DEL CARMEN CHAVEZ SUAREZ | H138: SHARO GENESIS LOMELI CHAVEZ | I138: JOSE ULISES MACIAS SALCEDO | J138: FELIPE DE JESUS ZARAGOZA ORTEGA | K138: 1 | L138: 63 | M138: 126
A139: 127 | B139: JULIAN GERARDO GAMBOA NAVARRO | C139: 9 | D139: JUNIO | E139: 2011 | F139: CARLOS EDUARDO GAMBOA F. | G139: ANA PATRICIA NAVARRO RAMOS | H139: LILIA ULLOA HIGUERA | I139: JOSE ULISES MACIAS SALCEDO | J139: FELIPE DE JESUS ZARAGOZA ORTEGA | K139: 1 | L139: 64 | M139: 127
A140: 128 | B140: VERONICA GUADALUPE FONTES RAMONET | C140: 9 | D140: JUNIO | E140: 2011 | F140: LUIS TIBURCIO FONTES ARBALLO | G140: VERONICA RAMONET GUTIERREZ | H140: ANA ROCIO MOLINA VALENZUELA | I140: JOSE ULISES MACIAS SALCEDO | J140: FELIPE DE JESUS ZARAGOZA ORTEGA | K140: 1 | L140: 64 | M140: 128
A141: 129 | B141: YAMEL LIZBETH ORTIZ CRUZ | C141: 9 | D141: JUNIO | E141: 2011 | F141: JOB NOE ORTIZ VALDEZ | G141: FRANCISCA ANGELICA CRUZ ALVAREZ | H141: MARIA GUADALUPE VILLA CRUZ | I141: JOSE ULISES MACIAS SALCEDO | J141: FELIPE DE JESUS ZARAGOZA ORTEGA | K141: 1 | L141: 65 | M141: 129
A142: 130 | B142: GLADYS ERNESTINA LERMA CAZARES | C142: 9 | D142: JUNIO | E142: 2011 | F142: HIJINIO LERMA CHAVEZ | G142: MARIA ISABEL CAZARES CASAREZ | H142: ELIZABETH GUERRERO MORALES | I142: JOSE ULISES MACIAS SALCEDO | J142: FELIPE DE JESUS ZARAGOZA ORTEGA | K142: 1 | L142: 65 | M142: 130
A143: 131 | B143: NOELIA GUADALUPE ORTEGA CHENO | C143: 9 | D143: JUNIO | E143: 2011 | F143: JORGE RAFAEL ORTEGA ROMERO | G143: NOELIA CHENO DURAZO | H143: MARISA ERNESTINA ORTEGA ROMERO | I143: JOSE ULISES MACIAS SALCEDO | J143: FELIPE DE JESUS ZARAGOZA ORTEGA | K143: 1 | L143: 66 | M143: 131
A144: 132 | B144: JOSE JUAN VALENZUELA MATUZ | C144: 9 | D144: JUNIO | E144: 2011 | F144: JOSE RAMON VALENZUELA ARMENTA | G144: MARIA LOURDES MATUZ AGUILAR | H144: SALVADOR MATA LIERA | I144: JOSE ULISES MACIAS SALCEDO | J144: FELIPE DE JESUS ZARAGOZA ORTEGA | K144: 1 | L144: 66 | M144: 132
... A146: 134 | B146: JESUS ANTONIO TAPIA BRACAMONTES | C146: 9 | D146: JUNIO | E146: 2011 | F146: JESUS ARMANDO TAPIA URIAS | G146: GLORIA PATRICIA BRACAMONTES ESTRADA | H146: OSCAR EDUARDO ARVAYO NEVAREZ | I146: JOSE ULISES MACIAS SALCEDO | J146: FELIPE DE JESUS ZARAGOZA ORTEGA | K146: 1 | L146: 67 | M146: 134
A147: 135 | B147: CANCELADA | I147: JOSE ULISES MACIAS SALCEDO | J147: FELIPE DE JESUS ZARAGOZA ORTEGA | K147: 1 | L147: 68 | M147: 135
A148: 136 | B148: DULCE PAULINA GONZALEZ VALENCIA | C148: 9 | D148: JUNIO | E148: 2011 | F148: FRANCISCO LORENZO GONZALEZ | G148: ROSARIO VALENCIA COTA | H148: MARIA DEL SOCORRO GONZALEZ CALZADILLA | I148: JOSE ULISES MACIAS SALCEDO | J148: FELIPE DE JESUS ZARAGOZA ORTEGA | K148: 1 | L148: 68 | M148: 136
A149: 137 | B149: KEVIN DANIEL LOPEZ CARRANZA | C149: 9 | D149: JUNIO | E149: 2011 | F149: ENRIQUE LOPEZ VILLEGAS | G149: CLAUDIA CARRANZA NORIEGA | H149: EVA ALICIA ORTIZ RODRIGUEZ | I149: JOSE ULISES MACIAS SALCEDO | J149: FELIPE DE JESUS ZARAGOZA ORTEGA | K149: 1 | L149: 69 | M149: 137
A150: 138 | B150: CLAUDIA ESTEPHANIA LOPEZ CARRANZA | C150: 9 | D150: JUNIO | E150: 2011 | F150: ENRIQUE LOPEZ VILLEGAS | G150: CLAUDIA CARRANZA NORIEGA | H150: MARIBEL COTA MORALE | I150: JOSE ULISES MACIAS SALCEDO | J150: FELIPE DE JESUS ZARAGOZA ORTEGA | K150: 1 | L150: 69 | M150: 138
A151: 139 | B151: LUCERO JOSELINE CHACARA VEGA | C151: 9 | D151: JUNIO | E151: 2011 | F151: JESUS CHACARA SANCHEZ | G151: MARIA LUISA VEGA NAVARRO | H151: GUADALUPE MIRANDA AVILA | I151: JOSE ULISES MACIAS SALCEDO | J151: FELIPE DE JESUS ZARAGOZA ORTEGA | K151: 1 | L151: 70 | M151: 139
A152: 140 | B152: ADRIANA ROBLES FLORES | C152: 9 | D152: JUNIO | E152: 2011 | F152: SERGIO GUADALUPE ROBLES URIAS | G152: ANA LUISA FLORES LOERA | H152: ANA LUISA ROBLES URIAS | I152: JOSE ULISES MACIAS SALCEDO | J152: FELIPE DE JESUS ZARAGOZA ORTEGA | K152: 1 | L152: 70 | M152: 140
A153: 141 | B153: SAUL DANIEL DURAN JIMENEZ | C153: 9 | D153: JUNIO | E153: 2011 | F153: PAUL ARIEL DURAN ROMERO | G153: DOLORES JIMENEZ ROMERO | H153: DINA PATRICIA DURAN ROMERO | I153: JOSE ULISES MACIAS SALCEDO | J153: FELIPE DE JESUS ZARAGOZA ORTEGA | K153: 1 | L153: 71 | M153: 141
A154: 142 | B154: MIRIAN ANDREA RENDON COTA | C154: 9 | D154: JUNIO | E154: 2011 | F154: JESUS RENDON MONTOYA | G154: MARIBEL COTA MORALES | H154: ANA MERCEDES VALLE | I154: JOSE ULISES MACIAS SALCEDO | J154: FELIPE DE JESUS ZARAGOZA ORTEGA | K154: 1 | L154: 71 | M154: 142
A155: 143 | B155: JUAN FERNANDO CORDOVA HERNANDEZ | C155: 9 | D155: JUNIO | E155: 2011 | F155: FERNANDO CORDOVA ARCOAMARILLO | G155: HAYDEE HERNANDEZ MONTIJO | H155: MANUEL ANTONIO HERNANDEZ MONTIJO | I155: JOSE ULISES MACIAS SALCEDO | J155: FELIPE DE JESUS ZARAGOZA ORTEGA | K155: 1 | L155: 72 | M155: 143
A156: 144 | B156: PAMELA FONTES LEON | C156: 9 | D156: JUNIO | E156: 2011 | F156: DAVID FONTES DOMINGUEZ | G156: SUSANA LEON MERCADO | H156: ALMA GABRIELA LEON MERCADO | I156: JOSE ULISES MACIAS SALCEDO | J156: FELIPE DE JESUS ZARAGOZA ORTEGA | K156: 1 | L156: 72 | M156: 144
...

Sheet IMPRESION-CONFIRMACION
A1: 1226
D5: =LOOKUP($A$1,CONFIRMACION!$A$7:B2143) -> VALERIA GUADALUPE MANZANARES INZUNZA
E8: =IF(LOOKUP($A$1,CONFIRMACION!$A$7:F2143)=0," ",LOOKUP($A$1,CONFIRMACION!$A$7:F2143)) -> OMAR MANZANARES DURAZO | I8: =LOOKUP($A$1,CONFIRMACION!$A$7:G2143) -> ADRIANA INZUNZA CALDERON
C12: DON JOSÉ ULISES MACIAS SALCEDO | H12: =IF(LOOKUP($A$1,CONFIRMACION!$A$7:C2147)=0," ",LOOKUP($A$1,CONFIRMACION!$A$7:C2147)) -> 17 | I12: =IF(LOOKUP($A$1,CONFIRMACION!$A$7:D2147)=0," ",LOOKUP($A$1,CONFIRMACION!$A$7:D2147)) -> JUNIO | J12: =IF(LOOKUP($A$1,CONFIRMACION!$A$7:E2147)=0," ",LOOKUP($A$1,CONFIRMACION!$A$7:E2147)) -> 2022
F14: =LOOKUP($A$1,CONFIRMACION!$A$7:H2143) -> MYRIAM GRACIELA DUARTE ARIAS
F15: 2
F16: 53 | I16: =IF(LOOKUP($A$1,CONFIRMACION!A$7:$J2163)=0," ",LOOKUP($A$1,CONFIRMACION!A$7:$J2163)) -> GERARDO CAMACHO PONCE
F17: 106

Sheet CONSTANCIA.BAUTISMO
B3: CONSTANCIA DE BAUTISMO
D5: FECHA NACIMIENTO | G5: LUGAR | J5: FECHA BAUTISMO
B6: NIÑA O NIÑO | D6: DIA | E6: MES | F6: AÑO | G6: DE NACIMIENTO | H6: PAPA | I6: MAMA | J6: DIA | K6: MES | L6: AÑO | M6: MINISTRO | N6: PADRINO | O6: MADRINA | P6: PÁRROCO | Q6: REGISTRO NO. | U6: Libro | V6: Pagina | W6: Acta
A7: 1 | B7: DIEGO RAMIREZ SALADO | D7: 18 | E7: NOVIEMBRE | F7: 2008 | G7: HERMOSILLO SONORA | H7: LUIS FERNANDO RAMIREZ SALCIDO | I7: LILIAN IVETTHE SALADO RODRIGUEZ | J7: 13 | K7: SEPTIEMBRE | L7: 2009 | M7: PBRO. FELIPE DE JESUS ZARAGOZA ORTEGA | N7: SAUL JUSTO MORALES | O7: REYNA OCHOA LANDIN | P7: PBRO. FELIPE DE JESUS ZARAGOZA ORTEGA | Q7: 631 | R7: =H7&" Y "&I7 -> LUIS FERNANDO RAMIREZ SALCIDO Y LILIAN IVETTHE SALADO RODRIGUEZ | S7: =D7&" "&E7&" DE "&F7 -> 18 NOVIEMBRE DE 2008 | T7: =J7&" "&K7&" DE "&L7 -> 13 SEPTIEMBRE DE 2009 | U7: 1 | V7: 1 | W7: 1
A8: 2 | B8: JUAN PABLO ZUÑIGA HUGUEZ | D8: 22 | E8: SEPTIEMBRE | F8: 2009 | G8: HERMOSILLO SONORA | H8: JUAN CARLOS ZUÑIGA QUIROGA | I8: ADRIANA MARGARITA HUGUEZ BARCELO | J8: 14 | K8: NOVIEMBRE | L8: 2009 | M8: PBRO. FELIPE DE JESUS ZARAGOZA ORTEGA | N8: JORGE LOPEZ BARRON Y FLOR DE ESMIRA CAMACHO RABAGO | O8: MARCO ANTONIO ZUÑIGA QUIROGA Y FRANCISCO ADOLFO HUGUEZ BARCELO | P8: PBRO. FELIPE DE JESUS ZARAGOZA ORTEGA | Q8: 1439 | R8: =H8&" Y "&I8 -> JUAN CARLOS ZUÑIGA QUIROGA Y ADRIANA MARGARITA HUGUEZ BARCELO | S8: =D8&" "&E8&" DE "&F8 -> 22 SEPTIEMBRE DE 2009 | T8: =J8&" "&K8&" DE "&L8 -> 14 NOVIEMBRE DE 2009 | U8: 1 | V8: 1 | W8: 2
A9: 3 | B9: JESUS ALFREDO GUTIERREZ AZUCENA | D9: 9 | E9: SEPTIEMBRE | F9: 2008 | G9: HERMOSILLO SONORA | H9: MANUEL ARMANDO GUTIERREZ AMAYA | I9: ANA DOLORES AZUCENA AMPARAMO | J9: 15 | K9: NOVIEMBRE | L9: 2009 | M9: PBRO. FELIPE DE JESUS ZARAGOZA ORTEGA | N9: ARMANDO IBARRA CORONADO | O9: NORA AHIMEE AGUILAR AMAYA | P9: PBRO. FELIPE DE JESUS ZARAGOZA ORTEGA | Q9: 3579 | R9: =H9&" Y "&I9 -> MANUEL ARMANDO GUTIERREZ AMAYA Y ANA DOLORES AZUCENA AMPARAMO | S9: =D9&" "&E9&" DE "&F9 -> 9 SEPTIEMBRE DE 2008 | T9: =J9&" "&K9&" DE "&L9 -> 15 NOVIEMBRE DE 2009 | U9: 1 | V9: 2 | W9: 3
A10: 4 | B10: JESUS ALEJANDRO CLARCK GUTIERREZ | D10: 29 | E10: MAYO | F10: 2009 | G10: HERMOSILLO SONORA | H10: VIDAL CLARK MIRANDA | I10: JOVANA DE JESUS GUTIERREZ LIZO | J10: 15 | K10: NOVIEMBRE | L10: 2009 | M10: PBRO. FELIPE DE JESUS ZARAGOZA ORTEGA | N10: EPIGMENIO CLARK MIRANDA | O10: JOSEFINA LISO GONZALEZ | P10: PBRO. FELIPE DE JESUS ZARAGOZA ORTEGA | Q10: 3007 | R10: =H10&" Y "&I10 -> VIDAL CLARK MIRANDA Y JOVANA DE JESUS GUTIERREZ LIZO | S10: =D10&" "&E10&" DE "&F10 -> 29 MAYO DE 2009 | T10: =J10&" "&K10&" DE "&L10 -> 15 NOVIEMBRE DE 2009 | U10: 1 | V10: 2 | W10: 4
A11: 5 | B11: JESUS CARLOS SOBERANES SALAZAR | D11: 26 | E11: AGOSTO | F11: 1994 | G11: HERMOSILLO SONORA | H11: PORFIRIO SOBERANES OCHOA | I11: AMPARO SALAZAR IBARRA | J11: 21 | K11: NOVIEMBRE | L11: 2009 | M11: PBRO. FELIPE DE JESUS ZARAGOZA ORTEGA | N11: JESUS MARIA SOBERANES OCHOA | O11: RAMONA DURAN GONZALEZ | P11: PBRO. FELIPE DE JESUS ZARAGOZA ORTEGA | Q11: 3607 | R11: =H11&" Y "&I11 -> PORFIRIO SOBERANES OCHOA Y AMPARO SALAZAR IBARRA | S11: =D11&" "&E11&" DE "&F11 -> 26 AGOSTO DE 1994 | T11: =J11&" "&K11&" DE "&L11 -> 21 NOVIEMBRE DE 2009 | U11: 1 | V11: 3 | W11: 5
A12: 6 | B12: RAMON CASTILLO ALVARADO | D12: 15 | E12: FEBRERO | F12: 2009 | G12: HERMOSILLO SONORA | H12: RAMON CASTILLO GAMEZ | I12: MARIA DEL CARMEN ALVARADO VELAZQUEZ | J12: 15 | K12: FEBRERO | L12: 2009 | M12: PBRO. FELIPE DE JESUS ZARAGOZA ORTEGA | N12: MANUEL ANGEL CASTILLO DUARTE | O12: ANA LILIA ALVARADO VELAZQUEZ Y MARIA JESUS GAMEZ OCHOA | P12: PBRO. FELIPE DE JESUS ZARAGOZA ORTEGA | Q12: 1044 | R12: =H12&" Y "&I12 -> RAMON CASTILLO GAMEZ Y MARIA DEL CARMEN ALVARADO VELAZQUEZ | S12: =D12&" "&E12&" DE "&F12 -> 15 FEBRERO DE 2009 | T12: =J12&" "&K12&" DE "&L12 -> 15 FEBRERO DE 2009 | U12: 1 | V12: 3 | W12: 6
A13: 7 | B13: JONAS LOPEZ RAMIREZ | D13: 11 | E13: JULIO | F13: 2009 | G13: HERMOSILLO SONORA | H13: FIDEL GUILLERMO LOPEZ GOMEZ | I13: ANA GUADALUPE RAMIREZ TANORI | J13: 29 | K13: NOVIEMBRE | L13: 2009 | M13: PBRO. FELIPE DE JESUS ZARAGOZA ORTEGA | N13: IVAN GERARDO MILLAN ARVAYO | O13: MARTHA RENEE LOYA CARRANZA | P13: PBRO. FELIPE DE JESUS ZARAGOZA ORTEGA | Q13: 1223 | R13: =H13&" Y "&I13 -> FIDEL GUILLERMO LOPEZ GOMEZ Y ANA GUADALUPE RAMIREZ TANORI | S13: =D13&" "&E13&" DE "&F13 -> 11 JULIO DE 2009 | T13: =J13&" "&K13&" DE "&L13 -> 29 NOVIEMBRE DE 2009 | U13: 1 | V13: 4 | W13: 7
A14: 8 | B14: YARELI STHEFANIA SOLIS NAVARRO | D14: 30 | E14: SEPTIEMBRE | F14: 2008 | G14: HERMOSILLO SONORA | H14: JAVIER SOLIS GUERRERO | I14: NORMA ALICIA NAVARRO TARAZON | J14: 29 | K14: NOVIEMBRE | L14: 2009 | M14: PBRO. FELIPE DE JESUS ZARAGOZA ORTEGA | N14: SAUL HIRAM HERRERA TERAN | O14: DIVA ZULEMA VAZQUEZ DANIEL | P14: PBRO. FELIPE DE JESUS ZARAGOZA ORTEGA | Q14: 4226 | R14: =H14&" Y "&I14 -> JAVIER SOLIS GUERRERO Y NORMA ALICIA NAVARRO TARAZON | S14: =D14&" "&E14&" DE "&F14 -> 30 SEPTIEMBRE DE 2008 | T14: =J14&" "&K14&" DE "&L14 -> 29 NOVIEMBRE DE 2009 | U14: 1 | V14: 4 | W14: 8
A15: 9 | B15: EMI CRISTINA AVILA HERRERA | D15: 27 | E15: SEPTIEMBRE | F15: 2009 | G15: HERMOSILLO SONORA | H15: EDGAR MAURICIO AVILA ALMARAZ | I15: AMELIA REBECA HERRERA VALENZUELA | J15: 12 | K15: DICIEMBRE | L15: 2009 | M15: PBRO. FELIPE DE JESUS ZARAGOZA ORTEGA | N15: MANUEL GERMAN BOSSE BALDERRAMA | O15: MARGARITA CASTRO FELIZ | P15: PBRO. FELIPE DE JESUS ZARAGOZA ORTEGA | R15: =H15&" Y "&I15 -> EDGAR MAURICIO AVILA ALMARAZ Y AMELIA REBECA HERRERA VALENZUELA | S15: =D15&" "&E15&" DE "&F15 -> 27 SEPTIEMBRE DE 2009 | T15: =J15&" "&K15&" DE "&L15 -> 12 DICIEMBRE DE 2009 | U15: 1 | V15: 5 | W15: 9
A16: 10 | B16: FATIMA PAULINA ESCALANTE FIMBRES | D16: 11 | E16: FEBRERO | F16: 2009 | G16: HERMOSILLO SONORA | H16: GERMAN ARTURO ESCALANTE LOPEZ | I16: SUGHEY GUADALUPE FIMBRES DUSTAN | J16: 20 | K16: DICIEMBRE | L16: 2009 | M16: PBRO. FELIPE DE JESUS ZARAGOZA ORTEGA | N16: ARMANDO FIMBRES DUSTAN | O16: FRANCISCA GUTIERREZ AVILA | P16: PBRO. FELIPE DE JESUS ZARAGOZA ORTEGA | Q16: 288 | R16: =H16&" Y "&I16 -> GERMAN ARTURO ESCALANTE LOPEZ Y SUGHEY GUADALUPE FIMBRES DUSTAN | S16: =D16&" "&E16&" DE "&F16 -> 11 FEBRERO DE 2009 | T16: =J16&" "&K16&" DE "&L16 -> 20 DICIEMBRE DE 2009 | U16: 1 | V16: 5 | W16: 10
A17: 11 | B17: EYMMI AYELEN RETES MEZA | D17: 25 | E17: MARZO | F17: 2009 | G17: HERMOSILLO SONORA | I17: LAURA PATRICIA RETES MEZA | J17: 20 | K17: DICIEMBRE | L17: 2009 | M17: PBRO. FELIPE DE JESUS ZARAGOZA ORTEGA | N17: JOSE FRANCISCO RETES MEZA Y LINDA IRASEMA TRILLAS ARVALLO | O17: JOSUE NORBERTO RETES MEZA Y CINTHYA ARACELY ACOSTA MILLAN | P17: PBRO. FELIPE DE JESUS ZARAGOZA ORTEGA | Q17: 617 | R17: =H17&" Y "&I17 -> Y LAURA PATRICIA RETES MEZA | S17: =D17&" "&E17&" DE "&F17 -> 25 MARZO DE 2009 | T17: =J17&" "&K17&" DE "&L17 -> 20 DICIEMBRE DE 2009 | U17: 1 | V17: 6 | W17: 11
A18: 12 | B18: OLIVER HUMBERTO RAMOS MORALES | D18: 21 | E18: MAYO | F18: 2009 | G18: HERMOSILLO SONORA | H18: JOSE HUMBERTO RAMOS BARRERAS | I18: BARBARA MORALES SALCIDO | J18: 24 | K18: DICIEMBRE | L18: 2009 | M18: PBRO. FELIPE DE JESUS ZARAGOZA ORTEGA | N18: FERNANDO BARRERAS AMAVIZCA | O18: MARTHA LETICIA RAMOS BARRRERAS | P18: PBRO. FELIPE DE JESUS ZARAGOZA ORTEGA | Q18: 1897 | R18: =H18&" Y "&I18 -> JOSE HUMBERTO RAMOS BARRERAS Y BARBARA MORALES SALCIDO | S18: =D18&" "&E18&" DE "&F18 -> 21 MAYO DE 2009 | T18: =J18&" "&K18&" DE "&L18 -> 24 DICIEMBRE DE 2009 | U18: 1 | V18: 6 | W18: 12
D20: FECHA NACIMIENTO | G20: LUGAR | J20: FECHA BAUTISMO
B21: NIÑA O NIÑO | D21: DIA | E21: MES | F21: AÑO | G21: DE NACIMIENTO | H21: PAPA | I21: MAMA | J21: DIA | K21: MES | L21: AÑO | M21: MINISTRO | N21: PADRINO | O21: MADRINA | P21: PÁRROCO | Q21: REGISTRO NO. | U21: Libro | V21: Pagina | W21: Acta
A22: 13 | B22: MIGUEL ANGEL CECEÑA LOPEZ | D22: 19 | E22: DICIEMBRE | F22: 2008 | G22: HERMOSILLO, SONORA | I22: VELMA NEREYDA CECEÑA LOPEZ | J22: 16 | K22: ENERO | L22: 2010 | M22: PBRO. FELIPE DE JESUS ZARAGOZA ORTEGA | N22: ENOC BLADIMIR CECEÑA LOPEZ | O22: VERONICA ENCINAS VALENZUELA | P22: PBRO. FELIPE DE JESUS ZARAGOZA ORTEGA | Q22: 174 | R22: =H22&" Y "&I22 -> Y VELMA NEREYDA CECEÑA LOPEZ | S22: =D22&" "&E22&" DE "&F22 -> 19 DICIEMBRE DE 2008 | T22: =J22&" "&K22&" DE "&L22 -> 16 ENERO DE 2010 | U22: 1 | V22: 7 | W22: 13
A23: 14 | B23: LUIS ARMANDO TRUJILLO SIERRA | D23: 6 | E23: DICIEMBRE | F23: 2009 | G23: HERMOSILLO, SONORA | H23: MIGUEL TRUJILLO ZAMORA | I23: GLORIA ALICIA SIERRA ALVAREZ | J23: 14 | K23: FEBRERO | L23: 2010 | M23: PBRO. FELIPE DE JESUS ZARAGOZA ORTEGA | N23: JESUS AUSENCIO SIERRA ALVAREZ | O23: ANA CECILIA TRUJILLO ZAMORA | P23: PBRO. FELIPE DE JESUS ZARAGOZA ORTEGA | Q23: 4987 | R23: =H23&" Y "&I23 -> MIGUEL TRUJILLO ZAMORA Y GLORIA ALICIA SIERRA ALVAREZ | S23: =D23&" "&E23&" DE "&F23 -> 6 DICIEMBRE DE 2009 | T23: =J23&" "&K23&" DE "&L23 -> 14 FEBRERO DE 2010 | U23: 1 | V23: 7 | W23: 14
A24: 15 | B24: ANA CRISTINA VAZQUEZ TIRADO | D24: 2 | E24: DICIEMBRE | F24: 2008 | G24: HERMOSILLO, SONORA | H24: JESUS FLORENCIO VAZQUEZ CARBAJAL | I24: MARIA CRISTINA TIRADO RUIZ | J24: 21 | K24: FEBRERO | L24: 2010 | M24: PBRO. FELIPE DE JESUS ZARAGOZA ORTEGA | N24: CARLOS ENRIQUE TIRADO RUIZ | O24: MARIA DOLORES VEGA APODACA | P24: PBRO. FELIPE DE JESUS ZARAGOZA ORTEGA | Q24: 4750 | R24: =H24&" Y "&I24 -> JESUS FLORENCIO VAZQUEZ CARBAJAL Y MARIA CRISTINA TIRADO RUIZ | S24: =D24&" "&E24&" DE "&F24 -> 2 DICIEMBRE DE 2008 | T24: =J24&" "&K24&" DE "&L24 -> 21 FEBRERO DE 2010 | U24: 1 | V24: 8 | W24: 15
A25: 16 | B25: JESUS ALBERTO GARCIA ROBLES | D25: 24 | E25: JUNIO | F25: 2009 | G25: HERMOSILLO, SONORA | H25: ORLANDO GARCIA ARROYO | I25: SANDRA ALICIA ROBLES ESQUER | J25: 21 | K25: FEBRERO | L25: 2010 | M25: PBRO. FELIPE DE JESUS ZARAGOZA ORTEGA | N25: JUAN FRANCISCO BARRERA SANZUR | O25: ANA MARIA ROBLES ESQUER | P25: PBRO. FELIPE DE JESUS ZARAGOZA ORTEGA | Q25: 486 | R25: =H25&" Y "&I25 -> ORLANDO GARCIA ARROYO Y SANDRA ALICIA ROBLES ESQUER | S25: =D25&" "&E25&" DE "&F25 -> 24 JUNIO DE 2009 | T25: =J25&" "&K25&" DE "&L25 -> 21 FEBRERO DE 2010 | U25: 1 | V25: 8 | W25: 16
A26: 17 | B26: MARTHA DANIELA SUSUKI MONTIEL | D26: 15 | E26: FEBRERO | F26: 2009 | G26: HERMOSILLO, SONORA | H26: MIGUEL ALÑEJO SUSUKI LUGO | I26: MARTHA ZANELLY MONTIEL DIARTE | J26: 21 | K26: FEBRERO | L26: 2010 | M26: PBRO. FELIPE DE JESUS ZARAGOZA ORTEGA | N26: ERIC ARTURO SMITH RAMIREZ | O26: GABRIELA RIVERA DIARTE | P26: PBRO. FELIPE DE JESUS ZARAGOZA ORTEGA | Q26: 981 | R26: =H26&" Y "&I26 -> MIGUEL ALÑEJO SUSUKI LUGO Y MARTHA ZANELLY MONTIEL DIARTE | S26: =D26&" "&E26&" DE "&F26 -> 15 FEBRERO DE 2009 | T26: =J26&" "&K26&" DE "&L26 -> 21 FEBRERO DE 2010 | U26: 1 | V26: 9 | W26: 17
A27: 18 | B27: LIAM EMILIANO GUTIERREZ MENDOZA | D27: 20 | E27: ENERO | F27: 2007 | G27: HERMOSILLO, SONORA | H27: JAVIER ALONSO GUTIERREZ VAZQUEZ | I27: BIANKA RENATA MENDOZA CASTRO | J27: 28 | K27: FEBRERO | L27: 2010 | M27: PBRO. FELIPE DE JESUS ZARAGOZA ORTEGA | N27: JUDAS TADEO MENDEZ VAZQUEZ Y MARIJA DE LOS ANGELES CASTRO RUIZ | O27: OSCAR FIGUEROA M. Y LOURDES LORENA ALCANTAR TAPIA | P27: PBRO. FELIPE DE JESUS ZARAGOZA ORTEGA | Q27: 706 | R27: =H27&" Y "&I27 -> JAVIER ALONSO GUTIERREZ VAZQUEZ Y BIANKA RENATA MENDOZA CASTRO | S27: =D27&" "&E27&" DE "&F27 -> 20 ENERO DE 2007 | T27: =J27&" "&K27&" DE "&L27 -> 28 FEBRERO DE 2010 | U27: 1 | V27: 9 | W27: 18
A28: 19 | B28: AZUL ALEJANDRA LOPEZ FLORES | D28: 5 | E28: JULIO | F28: 2009 | G28: HERMOSILLO, SONORA | H28: ENRIQUE LOPEZ VILLEGAS | I28: MYRIAM ALEJANDRA FLORES VERDUZCO | J28: 7 | K28: MARZO | L28: 2010 | M28: PBRO. FELIPE DE JESUS ZARAGOZA ORTEGA | O28: DANIELA GUADALUPE BAÑUELOS RODRIGUEZ | P28: PBRO. FELIPE DE JESUS ZARAGOZA ORTEGA | Q28: 2994 | R28: =H28&" Y "&I28 -> ENRIQUE LOPEZ VILLEGAS Y MYRIAM ALEJANDRA FLORES VERDUZCO | S28: =D28&" "&E28&" DE "&F28 -> 5 JULIO DE 2009 | T28: =J28&" "&K28&" DE "&L28 -> 7 MARZO DE 2010 | U28: 1 | V28: 10 | W28: 19
A29: 20 | B29: MIRIAM ESTHER GONZALEZ ALVAREZ | D29: 2 | E29: ABRIL | F29: 2001 | G29: HERMOSILLO, SONORA | H29: ISMAEL GONZALEZ FIGUEROA | I29: TERESITA DE JESUS ALVAREZ PEREZ | J29: 3 | K29: ABRIL | L29: 2010 | M29: PBRO. FELIPE DE JESUS ZARAGOZA ORTEGA | N29: JOSE BENITO FRANCO SORIANO | O29: MARIA DEL SOCORRO GONZALEZ FIGUEROA | P29: PBRO. FELIPE DE JESUS ZARAGOZA ORTEGA | Q29: 610 | R29: =H29&" Y "&I29 -> ISMAEL GONZALEZ FIGUEROA Y TERESITA DE JESUS ALVAREZ PEREZ | S29: =D29&" "&E29&" DE "&F29 -> 2 ABRIL DE 2001 | T29: =J29&" "&K29&" DE "&L29 -> 3 ABRIL DE 2010 | U29: 1 | V29: 10 | W29: 20
A30: 21 | B30: ASHLEY REGINA HURTADO FELIX | D30: 7 | E30: AGOSTO | F30: 2009 | G30: HERMOSILLO, SONORA | H30: FRANCISCO GILBERTO HURTADO FELIX | I30: LILIANA BERENICE FELIX HERRERA | J30: 17 | K30: ABRIL | L30: 2010 | M30: PBRO. FELIPE DE JESUS ZARAGOZA ORTEGA | N30: ALFREDO FELIX REYES, LUCIA FELIX REYES Y ITZEL MARIA FELIX OROZCO | O30: LUIS FRANCO ACOSTA, EDITH ESPINOZA GONZALEZ Y FRANCISCO JAVIER VALDEZ JIMENEZ | P30: PBRO. FELIPE DE JESUS ZARAGOZA ORTEGA | Q30: 3087 | R30: =H30&" Y "&I30 -> FRANCISCO GILBERTO HURTADO FELIX Y LILIANA BERENICE FELIX HERRERA | S30: =D30&" "&E30&" DE "&F30 -> 7 AGOSTO DE 2009 | T30: =J30&" "&K30&" DE "&L30 -> 17 ABRIL DE 2010 | U30: 1 | V30: 11 | W30: 21
A31: 22 | B31: ESTEBAN RENE CASTRO GALINDO | D31: 12 | E31: SEPTIEMBRE | F31: 2008 | G31: HERMOSILLO, SONORA | H31: LUIS EFRAIN CASTRO VAZQUEZ | I31: TERESA ELIZABETH GALINDO AVITIA | J31: 25 | K31: ABRIL | L31: 2010 | M31: PBRO. FELIPE DE JESUS ZARAGOZA ORTEGA | N31: ALONSO FELIX Y ELIZABETH GALINDO MORENO | O31: JESUS RODRIQUEZ LASTRA Y ANA ELSA ALONSO FELIX | P31: PBRO. FELIPE DE JESUS ZARAGOZA ORTEGA | Q31: 4183 | R31: =H31&" Y "&I31 -> LUIS EFRAIN CASTRO VAZQUEZ Y TERESA ELIZABETH GALINDO AVITIA | S31: =D31&" "&E31&" DE "&F31 -> 12 SEPTIEMBRE DE 2008 | T31: =J31&" "&K31&" DE "&L31 -> 25 ABRIL DE 2010 | U31: 1 | V31: 11 | W31: 22
A32: 23 | B32: REGINA ROMERO GUERRERO | D32: 25 | E32: DICIEMBRE | F32: 2009 | G32: LOS MOCHIS, SINALOA | H32: JOSE ALFREDO ROMERO HOLGUIN | I32: TAVATA PRISCILLA GUERRERO PEÑUELS | J32: 1 | K32: MAYO | L32: 2010 | M32: PBRO. FELIPE DE JESUS ZARAGOZA ORTEGA | N32: JORGE ALBERTO ROMERO HOLGUIN Y DIANA PATRICIA RODELO HERNANDEZ | O32: LEV PAVEL AGUIRRE MORALES Y MILLY ROCHA M. | P32: PBRO. FELIPE DE JESUS ZARAGOZA ORTEGA | Q32: 568 | R32: =H32&" Y "&I32 -> JOSE ALFREDO ROMERO HOLGUIN Y TAVATA PRISCILLA GUERRERO PEÑUELS | S32: =D32&" "&E32&" DE "&F32 -> 25 DICIEMBRE DE 2009 | T32: =J32&" "&K32&" DE "&L32 -> 1 MAYO DE 2010 | U32: 1 | V32: 12 | W32: 23
A33: 24 | B33: CHRISTIAN PAUL MINJAREZ LEON | D33: 21 | E33: NOVIEMBRE | F33: 2009 | G33: HERMOSILLO, SONORA | H33: JULIO CESAR MINJAREZ SALAS | I33: CAROLINA LEON OROZ | J33: 1 | K33: MAYO | L33: 2010 | M33: PBRO. FELIPE DE JESUS ZARAGOZA ORTEGA | N33: MARCO ANTONIO MINJAREZ SALAS | O33: MARIA LUISA LEON OROZ | P33: PBRO. FELIPE DE JESUS ZARAGOZA ORTEGA | Q33: 3705 | R33: =H33&" Y "&I33 -> JULIO CESAR MINJAREZ SALAS Y CAROLINA LEON OROZ | S33: =D33&" "&E33&" DE "&F33 -> 21 NOVIEMBRE DE 2009 | T33: =J33&" "&K33&" DE "&L33 -> 1 MAYO DE 2010 | U33: 1 | V33: 12 | W33: 24
A34: 25 | B34: DANTE MINJAREZ VILLA | D34: 30 | E34: NOVIEMBRE | F34: 2009 | G34: HERMOSILLO, SONORA | H34: MARCO ANTONIO MINJAREZ ROSAS | I34: GUADALUPE VILLA RUBALCABA | J34: 1 | K34: MAYO | L34: 2010 | M34: PBRO. FELIPE DE JESUS ZARAGOZA ORTEGA | N34: MARCO ANTONIO MINJAREZ ROSAS | O34: MARIBEL VILLA RUBALCABA | P34: PBRO. FELIPE DE JESUS ZARAGOZA ORTEGA | Q34: 1698 | R34: =H34&" Y "&I34 -> MARCO ANTONIO MINJAREZ ROSAS Y GUADALUPE VILLA RUBALCABA | S34: =D34&" "&E34&" DE "&F34 -> 30 NOVIEMBRE DE 2009 | T34: =J34&" "&K34&" DE "&L34 -> 1 MAYO DE 2010 | U34: 1 | V34: 13 | W34: 25
A35: 26 | B35: PAULA LILIAN MERCADO SEAMAN | D35: 26 | E35: JUNIO | F35: 2009 | G35: HERMOSILLO, SONORA | H35: JUAN ENRIQUE A. MERCADO RUIZ | I35: NORMA LILIANA SEAMAN CHAIREZ | J35: 8 | K35: MAYO | L35: 2010 | M35: PBRO. FELIPE DE JESUS ZARAGOZA ORTEGA | N35: JUAN FRANCISCO NAVARRO RODRIGUEZ Y ADRIANA SEAMAN CHAIREZ | O35: GUSTAVO ZAMORANO BARRERAS Y YADIRA RUIZ AYON | P35: PBRO. FELIPE DE JESUS ZARAGOZA ORTEGA | Q35: 2782 | R35: =H35&" Y "&I35 -> JUAN ENRIQUE A. MERCADO RUIZ Y NORMA LILIANA SEAMAN CHAIREZ | S35: =D35&" "&E35&" DE "&F35 -> 26 JUNIO DE 2009 | T35: =J35&" "&K35&" DE "&L35 -> 8 MAYO DE 2010 | U35: 1 | V35: 13 | W35: 26
A36: 27 | B36: VALERIA CAMILA RAMIREZ PEÑA | D36: 28 | E36: AGOSTO | F36: 2008 | G36: HERMOSILLO, SONORA | H36: CLEMENTE ADITH RAMIREZ BARRETO | I36: FRANCISCA PEÑA TRUQUI | J36: 8 | K36: MAYO | L36: 2010 | M36: PBRO. FELIPE DE JESUS ZARAGOZA ORTEGA | N36: ELIZABETH RAMIREZ BARRETO | O36: ALEJANDRO LOPEZ RAMIREZ | P36: PBRO. FELIPE DE JESUS ZARAGOZA ORTEGA | Q36: 2864 | R36: =H36&" Y "&I36 -> CLEMENTE ADITH RAMIREZ BARRETO Y FRANCISCA PEÑA TRUQUI | S36: =D36&" "&E36&" DE "&F36 -> 28 AGOSTO DE 2008 | T36: =J36&" "&K36&" DE "&L36 -> 8 MAYO DE 2010 | U36: 1 | V36: 14 | W36: 27
A37: 28 | B37: MARIA IVANNA | D37: 4 | E37: MARZO | F37: 2010 | G37: HERMOSILLO, SONORA | H37: JOSE ANGEL COTA VELARDE | I37: ALEJANDRE GUADALUPE TAPIA BARRIOS | J37: 8 | K37: MAYO | L37: 2010 | M37: PBRO. FELIPE DE JESUS ZARAGOZA ORTEGA | N37: JOSE DAVID BIEBRICH GUEVARA Y CINTYA LORENA AGUAYO FERRE | O37: ELIOS CADENA AYOR Y ELIZABETH COTA DAVILA | P37: PBRO. FELIPE DE JESUS ZARAGOZA ORTEGA | Q37: 155 | R37: =H37&" Y "&I37 -> JOSE ANGEL COTA VELARDE Y ALEJANDRE GUADALUPE TAPIA BARRIOS | S37: =D37&" "&E37&" DE "&F37 -> 4 MARZO DE 2010 | T37: =J37&" "&K37&" DE "&L37 -> 8 MAYO DE 2010 | U37: 1 | V37: 14 | W37: 28
A38: 29 | B38: ESTEFANY DAVALOS FELIX | D38: 18 | E38: MAYO | F38: 2008 | G38: HERMOSILLO, SONORA | H38: JUAN CARLOS DAVALOS FLORES | I38: MIRIAM BEATRIZ FELIX ARMENTA | J38: 8 | K38: MAYO | L38: 2010 | M38: PBRO. FELIPE DE JESUS ZARAGOZA ORTEGA | N38: ALMA LILIANA DAVALOS FLORES | O38: ELIZABETH FELIX ARMENTA | P38: PBRO. FELIPE DE JESUS ZARAGOZA ORTEGA | Q38: 2260 | R38: =H38&" Y "&I38 -> JUAN CARLOS DAVALOS FLORES Y MIRIAM BEATRIZ FELIX ARMENTA | S38: =D37&" "&E38&" DE "&F38 -> 4 MAYO DE 2008 | T38: =J38&" "&K38&" DE "&L38 -> 8 MAYO DE 2010 | U38: 1 | V38: 15 | W38: 29
A39: 30 | B39: MIRANDA ALDAY MOORE | D39: 9 | E39: DICIEMBRE | F39: 2009 | G39: HERMOSILLO, SONORA | I39: MONICA ALDAY MOORE | J39: 8 | K39: MAYO | L39: 2010 | M39: PBRO. FELIPE DE JESUS ZARAGOZA ORTEGA | N39: EFREN ALDAY MOORE Y ALTAGRACIA ALDAY MOORE | O39: RAUL ALONSO BRQACAMONTES ALDAY Y LAURA DAINA NAVARRO SANDOVAL | P39: PBRO. FELIPE DE JESUS ZARAGOZA ORTEGA | Q39: 4979 | R39: =H39&" Y "&I39 -> Y MONICA ALDAY MOORE | S39: =D38&" "&E39&" DE "&F39 -> 18 DICIEMBRE DE 2009 | T39: =J39&" "&K39&" DE "&L39 -> 8 MAYO DE 2010 | U39: 1 | V39: 15 | W39: 30
A40: 31 | B40: VICTORIA AZUCENA TORRES CANO | D40: 5 | E40: DICIEMBRE | F40: 2009 | G40: HERMOSILLO, SONORA | H40: SAUL EUGENIO TORRES MILLAN | I40: CLAUDIA CANO VIVERO | J40: 22 | K40: MAYO | L40: 2010 | M40: PBRO. FELIPE DE JESUS ZARAGOZA ORTEGA | N40: ALEJANDRO TORRES CANO, SAUL ENRIQUE TORRES CANO | O40: EDGAR EDUARDO TORRES CANO | P40: PBRO. FELIPE DE JESUS ZARAGOZA ORTEGA | Q40: 59 | R40: =H40&" Y "&I40 -> SAUL EUGENIO TORRES MILLAN Y CLAUDIA CANO VIVERO | S40: =D39&" "&E40&" DE "&F40 -> 9 DICIEMBRE DE 2009 | T40: =J40&" "&K40&" DE "&L40 -> 22 MAYO DE 2010 | U40: 1 | V40: 16 | W40: 31
A41: 32 | B41: CARLOS MARCELO GUTIERREZ ALBRECHT | D41: 9 | E41: NOVIEMBRE | F41: 1977 | G41: HERMOSILLO, SONORA | H41: MODESTO NEPOMUSENO GUTIERREZ DIAZ | I41: GODINA ELVIRA ALBRECHT KALL | J41: 29 | K41: MAYO | L41: 2010 | M41: PBRO. FELIPE DE JESUS ZARAGOZA ORTEGA | N41: CARIDAD DEL CARMEN VENEGAS VEGA | O41: CARLOTA GABRIELA VENEGAS VEGA | P41: PBRO. FELIPE DE JESUS ZARAGOZA ORTEGA | Q41: 2254 | R41: =H41&" Y "&I41 -> MODESTO NEPOMUSENO GUTIERREZ DIAZ Y GODINA ELVIRA ALBRECHT KALL | S41: =D41&" "&E41&" DE "&F41 -> 9 NOVIEMBRE DE 1977 | T41: =J41&" "&K41&" DE "&L41 -> 29 MAYO DE 2010 | U41: 1 | V41: 16 | W41: 32
A42: 33 | B42: DIANE ANGELICA ROMERO AGUILAR | D42: 28 | E42: AGOSTO | F42: 2009 | G42: HERMOSILLO, SONORA | H42: OMAR CAIN ROMERO CASTRO | I42: ANGELICA MARIA AGUILAR BOJORQUEZ | J42: 29 | K42: MAYO | L42: 2010 | M42: PBRO. FELIPE DE JESUS ZARAGOZA ORTEGA | P42: PBRO. FELIPE DE JESUS ZARAGOZA ORTEGA | Q42: 3735 | R42: =H42&" Y "&I42 -> OMAR CAIN ROMERO CASTRO Y ANGELICA MARIA AGUILAR BOJORQUEZ | S42: =D42&" "&E42&" DE "&F42 -> 28 AGOSTO DE 2009 | T42: =J42&" "&K42&" DE "&L42 -> 29 MAYO DE 2010 | U42: 1 | V42: 17 | W42: 33
A43: 34 | B43: VALENTIN LOPEZ GAXIOLA | D43: 23 | E43: JUNIO | F43: 2009 | G43: HERMOSILLO, SONORA | I43: KARLA LOPEZ GAXIOLA | J43: 12 | K43: JUNIO | L43: 2010 | M43: PBRO. FELIPE DE JESUS ZARAGOZA ORTEGA | N43: FELIPE DE JESUS LOPEZ GAXIOLA | O43: MAIRA AURORA MENDIVIL HERNANDEZ | P43: PBRO. FELIPE DE JESUS ZARAGOZA ORTEGA | Q43: 1956 | R43: =H43&" Y "&I43 -> Y KARLA LOPEZ GAXIOLA | S43: =D43&" "&E43&" DE "&F43 -> 23 JUNIO DE 2009 | T43: =J43&" "&K43&" DE "&L43 -> 12 JUNIO DE 2010 | U43: 1 | V43: 17 | W43: 34
A44: 35 | B44: AYLINE KARIME HIGUERA LOPEZ | D44: 30 | E44: DICIEMBRE | F44: 2003 | G44: TUCSON, ARIZONA | H44: JOSE LINO HIGUERA ROMERO | I44: KARLA LOPEZ GAXIOLA | J44: 13 | K44: JUNIO | L44: 2010 | M44: PBRO. FELIPE DE JESUS ZARAGOZA ORTEGA | N44: JESUS ERNESTO LOPEZ GAXIOLA | O44: MARTHA YOLANDA MIRANDA MARTINEZ | P44: PBRO. FELIPE DE JESUS ZARAGOZA ORTEGA | Q44: 89986 | R44: =H44&" Y "&I44 -> JOSE LINO HIGUERA ROMERO Y KARLA LOPEZ GAXIOLA | S44: =D44&" "&E44&" DE "&F44 -> 30 DICIEMBRE DE 2003 | T44: =J44&" "&K44&" DE "&L44 -> 13 JUNIO DE 2010 | U44: 1 | V44: 18 | W44: 35
A45: 36 | B45: OLIVER PALOMERA MARTINEZ | D45: 19 | E45: NOVIEMBRE | F45: 2009 | G45: HERMOSILLO, SONORA | H45: ALAN RAMSES PALOMERA CALDERON | I45: SANDRA LUZ MARTINEZ SOTO | J45: 13 | K45: JUNIO | L45: 2010 | M45: PBRO. FELIPE DE JESUS ZARAGOZA ORTEGA | N45: JOSE FRANCISCO MONGE CARRANZA | O45: BEATRIZ CECILIA MARTINEZ SOTO | P45: PBRO. FELIPE DE JESUS ZARAGOZA ORTEGA | Q45: 4593 | R45: =H45&" Y "&I45 -> ALAN RAMSES PALOMERA CALDERON Y SANDRA LUZ MARTINEZ SOTO | S45: =D45&" "&E45&" DE "&F45 -> 19 NOVIEMBRE DE 2009 | T45: =J45&" "&K45&" DE "&L45 -> 13 JUNIO DE 2010 | U45: 1 | V45: 18 | W45: 36
A46: 37 | B46: PABLO ANTONIO ARTEAGA MARTINEZ | D46: 16 | E46: ABRIL | F46: 2010 | G46: HERMOSILLO, SONORA | H46: MARTIN MARCO ANTONIO ARTEAGA DUARTE | I46: YEIMI DOLORES MARTINEZ GARCIA | J46: 17 | K46: JULIO | L46: 2010 | M46: PBRO. FELIPE DE JESUS ZARAGOZA ORTEGA | N46: DAVID JESUS MARTINEZ GARCIA Y ELLEN MARIA MARTINEZ GARCIA | O46: HILDA GABRIELA ARTEAGA DUARTE | P46: PBRO. FELIPE DE JESUS ZARAGOZA ORTEGA | Q46: 1711 | R46: =H46&" Y "&I46 -> MARTIN MARCO ANTONIO ARTEAGA DUARTE Y YEIMI DOLORES MARTINEZ GARCIA | S46: =D46&" "&E46&" DE "&F46 -> 16 ABRIL DE 2010 | T46: =J46&" "&K46&" DE "&L46 -> 17 JULIO DE 2010 | U46: 1 | V46: 19 | W46: 37
A47: 38 | B47: ANGEL RAFAEL FONTES PERALTA | D47: 23 | E47: JULIO | F47: 2010 | G47: HERMOSILLO, SONORA | H47: RAFAEL ARMANDO FONTES LEON | I47: MARIA CRISTINA PERALTA PUEBLA | J47: 18 | K47: SEPTIEMBRE | L47: 2010 | M47: PBRO. FELIPE DE JESUS ZARAGOZA ORTEGA | N47: CONSTANTINO FABIAN FONTES LEON | O47: SANDRA DAVILA LOPEZ | P47: PBRO. FELIPE DE JESUS ZARAGOZA ORTEGA | Q47: 1119 | R47: =H47&" Y "&I47 -> RAFAEL ARMANDO FONTES LEON Y MARIA CRISTINA PERALTA PUEBLA | S47: =D47&" "&E47&" DE "&F47 -> 23 JULIO DE 2010 | T47: =J47&" "&K47&" DE "&L47 -> 18 SEPTIEMBRE DE 2010 | U47: 1 | V47: 19 | W47: 38
A48: 39 | B48: JUAN CARLOS FLORES CORONADO | D48: 16 | E48: JUNIO | F48: 2010 | G48: HERMOSILLO, SONORA | H48: GUSTAVO ADOLFO FLORES GONZALEZ | I48: LILIANA MARINA CORONADO AZTIAZARAN | J48: 2 | K48: OCTUBRE | L48: 2010 | M48: PBRO. FELIPE DE JESUS ZARAGOZA ORTEGA | N48: RIGOBERTO NARCISO CORONADO LOPEZ Y LUZ MARINA ASTIAZARAN VASQUEZ | O48: PAOLA SOCORRO CORONADO ASTIAZARAN | P48: PBRO. FELIPE DE JESUS ZARAGOZA ORTEGA | Q48: 339 | R48: =H48&" Y "&I48 -> GUSTAVO ADOLFO FLORES GONZALEZ Y LILIANA MARINA CORONADO AZTIAZARAN | S48: =D48&" "&E48&" DE "&F47 -> 16 JUNIO DE 2010 | T48: =J48&" "&K48&" DE "&L48 -> 2 OCTUBRE DE 2010 | U48: 1 | V48: 20 | W48: 39
A49: 40 | B49: FIDEL MARTIN PIÑA ALEGRIA | D49: 8 | E49: JULIO | F49: 2010 | G49: HERMOSILLO, SONORA | H49: MARTIN ALBERTO PIÑA ORTIZ | I49: NORMA PATRICIA ALEGRIA GARCIA | J49: 6 | K49: NOVIEMBRE | L49: 2010 | M49: PBRO. FELIPE DE JESUS ZARAGOZA ORTEGA | N49: ALFONSO ANTONIO ALEGRIA GARCIA | O49: MARIA GUADLUPE RUIZ ZAZUETA | P49: PBRO. FELIPE DE JESUS ZARAGOZA ORTEGA | Q49: 2823 | R49: =H49&" Y "&I49 -> MARTIN ALBERTO PIÑA ORTIZ Y NORMA PATRICIA ALEGRIA GARCIA | S49: =D49&" "&E49&" DE "&F48 -> 8 JULIO DE 2010 | T49: =J49&" "&K49&" DE "&L49 -> 6 NOVIEMBRE DE 2010 | U49: 1 | V49: 20 | W49: 40
A50: 41 | B50: ABRIL QUIROZ MORENO | D50: 19 | E50: JUNIO | F50: 2010 | G50: HERMOSILLO, SONORA | H50: JUAN CARLOS QUIROZ MARTINEZ | I50: KARLA MORENO ABRIL | J50: 13 | K50: NOVIEMBRE | L50: 2010 | M50: PBRO. FELIPE DE JESUS ZARAGOZA ORTEGA | N50: ANTONIO ALVAREZ GRIJALVA | O50: MARTHA ISABEL ORTEGA ENRIQUEZ | P50: PBRO. FELIPE DE JESUS ZARAGOZA ORTEGA | Q50: 2120 | R50: =H50&" Y "&I50 -> JUAN CARLOS QUIROZ MARTINEZ Y KARLA MORENO ABRIL | S50: =D50&" "&E50&" DE "&F49 -> 19 JUNIO DE 2010 | T50: =J50&" "&K50&" DE "&L50 -> 13 NOVIEMBRE DE 2010 | U50: 1 | V50: 21 | W50: 41
A51: 42 | B51: ANGEL OMAR ARVAYO HUERTA | D51: 2 | E51: MARZO | F51: 2010 | G51: HERMOSILLO, SONORA | H51: CRISTIAN IVAN ARVAYO HUERTA | I51: BRENDA JUDITH ENCINAS CORDOVA | J51: 14 | K51: NOVIEMBRE | L51: 2010 | M51: PBRO. FELIPE DE JESUS ZARAGOZA ORTEGA | N51: AARON ALBERTO ARVAYO HUERTA | O51: ZULMA GALAVIZ ALCANTAR | P51: PBRO. FELIPE DE JESUS ZARAGOZA ORTEGA | Q51: 423 | R51: =H51&" Y "&I51 -> CRISTIAN IVAN ARVAYO HUERTA Y BRENDA JUDITH ENCINAS CORDOVA | S51: =D51&" "&E51&" DE "&F51 -> 2 MARZO DE 2010 | T51: =J51&" "&K51&" DE "&L51 -> 14 NOVIEMBRE DE 2010 | U51: 1 | V51: 21 | W51: 42
A52: 43 | B52: DAMIAN LOPEZ RAMIREZ | D52: 7 | E52: JULIO | F52: 2010 | G52: HERMOSILLO, SONORA | H52: JUAN CARLOS LOPEZ GUTIERREZ | I52: DAMARIS RAMIREZ ROSALDO | J52: 5 | K52: DICIEMBRE | L52: 2010 | M52: PBRO. FELIPE DE JESUS ZARAGOZA ORTEGA | N52: CARLOS MISAEL LOPEZ GUTIERREZ | O52: IRZA MARIA GUADALUPE PARRA GUTIERREZ | P52: PBRO. FELIPE DE JESUS ZARAGOZA ORTEGA | Q52: 2680 | R52: =H52&" Y "&I52 -> JUAN CARLOS LOPEZ GUTIERREZ Y DAMARIS RAMIREZ ROSALDO | S52: =D52&" "&E52&" DE "&F52 -> 7 JULIO DE 2010 | T52: =J52&" "&K52&" DE "&L52 -> 5 DICIEMBRE DE 2010 | U52: 1 | V52: 22 | W52: 43
A53: 44 | B53: CARLOS ARTURO LOPEZ RAMIREZ | D53: 17 | E53: AGOSTO | F53: 2005 | G53: HERMOSILLO, SONORA | H53: JUAN CARLOS LOPEZ GUTIERREZ | I53: DAMARIS RAMIREZ ROSALDO | J53: 5 | K53: DICIEMBRE | L53: 2010 | M53: PBRO. FELIPE DE JESUS ZARAGOZA ORTEGA | N53: JOSE DE JESUS LOPEZ GUTIERREZ | O53: DIDIER RAMIREZ ROSALDO | P53: PBRO. FELIPE DE JESUS ZARAGOZA ORTEGA | Q53: 2471 | R53: =H53&" Y "&I53 -> JUAN CARLOS LOPEZ GUTIERREZ Y DAMARIS RAMIREZ ROSALDO | S53: =D53&" "&E53&" DE "&F53 -> 17 AGOSTO DE 2005 | T53: =J53&" "&K53&" DE "&L53 -> 5 DICIEMBRE DE 2010 | U53: 1 | V53: 22 | W53: 44
A54: 45 | B54: MARCO ANTONIO MUÑOZ MUÑOZ | D54: 25 | E54: ABRIL | F54: 2010 | G54: TUCSON, ARIZONA | H54: SERGIO ALAIN MUÑOZ CAMPA | I54: BELEM MUÑOZ MORENO | J54: 11 | K54: DICIEMBRE | L54: 2010 | M54: PBRO. FELIPE DE JESUS ZARAGOZA ORTEGA | N54: MARIO AGUSTIN ROMERO GARCIA | O54: MARTHA EDITH MUÑOZ MORENO | P54: PBRO. FELIPE DE JESUS ZARAGOZA ORTEGA | Q54: 26874 | R54: =H54&" Y "&I54 -> SERGIO ALAIN MUÑOZ CAMPA Y BELEM MUÑOZ MORENO | S54: =D54&" "&E54&" DE "&F54 -> 25 ABRIL DE 2010 | T54: =J54&" "&K54&" DE "&L54 -> 11 DICIEMBRE DE 2010 | U54: 1 | V54: 23 | W54: 45
A55: 46 | B55: KARLA ISABELLA ENCISO AMADOR | D55: 23 | E55: NOVIEMBRE | F55: 2009 | G55: HERMOSILLO, SONORA | H55: CARLOS GILBERTO ENCISO GOMEZ | I55: CCLAIRA LLANETH AMADOR MONGE | J55: 26 | K55: DICIEMBRE | L55: 2010 | M55: PBRO. FELIPE DE JESUS ZARAGOZA ORTEGA | N55: MARTIN LEOBARDO GOMEZ TADEO | O55: MARTHA MARTINEZ GARCIA Y ANA MARIA GOMEZ TADEO | P55: PBRO. FELIPE DE JESUS ZARAGOZA ORTEGA | Q55: 2071 | R55: =H55&" Y "&I55 -> CARLOS GILBERTO ENCISO GOMEZ Y CCLAIRA LLANETH AMADOR MONGE | S55: =D55&" "&E55&" DE "&F55 -> 23 NOVIEMBRE DE 2009 | T55: =J55&" "&K55&" DE "&L55 -> 26 DICIEMBRE DE 2010 | U55: 1 | V55: 23 | W55: 46
A56: 47 | B56: CESAR ADRIAN GALLARDO HURTADO | D56: 11 | E56: AGOSTO | F56: 2001 | G56: QUERETARO, QUERETARO | I56: MARIA DEL ROSARIO GALLARDO HURTADO | J56: 29 | K56: DICIEMBRE | L56: 2010 | M56: PBRO. FELIPE DE JESUS ZARAGOZA ORTEGA | N56: JUSTO UBALDO GALLARDO HURTADO | O56: MA. GUADALUPE HERNANDEZ ROCHA | P56: PBRO. FELIPE DE JESUS ZARAGOZA ORTEGA | Q56: 1885 | R56: =H56&" Y "&I56 -> Y MARIA DEL ROSARIO GALLARDO HURTADO | S56: =D56&" "&E56&" DE "&F56 -> 11 AGOSTO DE 2001 | T56: =J56&" "&K56&" DE "&L56 -> 29 DICIEMBRE DE 2010 | U56: 1 | V56: 24 | W56: 47
D58: FECHA NACIMIENTO | G58: LUGAR | J58: FECHA BAUTISMO
B59: NIÑA O NIÑO | D59: DIA | E59: MES | F59: AÑO | G59: DE NACIMIENTO | H59: PAPA | I59: MAMA | J59: DIA | K59: MES | L59: AÑO | M59: MINISTRO | N59: PADRINO | O59: MADRINA | P59: PÁRROCO | Q59: REGISTRO NO. | U59: Libro | V59: Pagina | W59: Acta
A60: 48 | B60: FRANCISCO HIRAM NAVARRO ARBALLO | D60: 10 | E60: NOVIEMBRE | F60: 2010 | G60: HERMOSILLO, SONORA | H60: FRANCISCO ARTURO NAVARRO VILLAESCUSA | I60: MARIA DEL CARMEN ARBALLO JUAREZ | J60: 7 | K60: ENERO | L60: 2011 | M60: PBRO. FELIPE DE JESUS ZARAGOZA ORTEGA | N60: ENRIQUE SEPULVEDA VILLAESCUZA Y SILVIA ABEYTA | O60: LUIS ERNESTO GRAFF VILLAESCUZA | P60: PBRO. FELIPE DE JESUS ZARAGOZA ORTEGA | Q60: 1689 | R60: =H60&" Y "&I60 -> FRANCISCO ARTURO NAVARRO VILLAESCUSA Y MARIA DEL CARMEN ARBALLO JUAREZ | S60: =D60&" "&E60&" DE "&F60 -> 10 NOVIEMBRE DE 2010 | T60: =J60&" "&K60&" DE "&L60 -> 7 ENERO DE 2011 | U60: 1 | V60: 24 | W60: 48
A61: 49 | B61: XIMENA DE JESUS LOPEZ PONCE | D61: 14 | E61: MARZO | F61: 2010 | G61: HERMOSILLO, SONORA | H61: GERMAN FERNANDO LOPEZ MUÑOZ | I61: CAROLINA PONCE PEREZ | J61: 9 | K61: ENERO | L61: 2011 | M61: PBRO. FELIPE DE JESUS ZARAGOZA ORTEGA | N61: MARIO JESUS PONCE PEREZ | O61: SARA MARIA PONCE PEREZ | P61: PBRO. FELIPE DE JESUS ZARAGOZA ORTEGA | Q61: 1401 | R61: =H61&" Y "&I61 -> GERMAN FERNANDO LOPEZ MUÑOZ Y CAROLINA PONCE PEREZ | S61: =D61&" "&E61&" DE "&F61 -> 14 MARZO DE 2010 | T61: =J61&" "&K61&" DE "&L61 -> 9 ENERO DE 2011 | U61: 1 | V61: 25 | W61: 49
A62: 50 | B62: GISELLE DANIELA CARRANZA MARTINEZ | D62: 1 | E62: OCTUBRE | F62: 2010 | G62: HERMOSILLO, SONORA | H62: FRANCISCO MANUEL CARRANZA HEREDIA | I62: REYNA DOLORES MARTINEZ MIRAMONTES | J62: 6 | K62: FEBRERO | L62: 2011 | M62: PBRO. FELIPE DE JESUS ZARAGOZA ORTEGA | N62: ANA LILIA PEÑA REPRIETO | O62: GUASTAVO ADILFO CARRANZA HEREDIA Y MARTHA CLARA CARRANZA H. | P62: PBRO. FELIPE DE JESUS ZARAGOZA ORTEGA | Q62: 63 | R62: =H62&" Y "&I62 -> FRANCISCO MANUEL CARRANZA HEREDIA Y REYNA DOLORES MARTINEZ MIRAMONTES | S62: =D62&" "&E62&" DE "&F62 -> 1 OCTUBRE DE 2010 | T62: =J62&" "&K62&" DE "&L62 -> 6 FEBRERO DE 2011 | U62: 1 | V62: 25 | W62: 50
A63: 51 | B63: SAMANTHA SOFIA ALONSO ROMERO | D63: 23 | E63: OCTUBRE | F63: 2010 | G63: HERMOSILLO, SONORA | H63: JOSE DE JESUS ALONSO MARTINEZ | I63: KARLA IVONNE ROMERO ROMERO | J63: 5 | K63: MARZO | L63: 2011 | M63: PBRO. FELIPE DE JESUS ZARAGOZA ORTEGA | N63: RAFAEL RENTERIA FELIX | O63: NOELIA ALONSO MARTINEZ | P63: PBRO. FELIPE DE JESUS ZARAGOZA ORTEGA | Q63: 1534 | R63: =H63&" Y "&I63 -> JOSE DE JESUS ALONSO MARTINEZ Y KARLA IVONNE ROMERO ROMERO | S63: =D63&" "&E63&" DE "&F63 -> 23 OCTUBRE DE 2010 | T63: =J63&" "&K63&" DE "&L63 -> 5 MARZO DE 2011 | U63: 1 | V63: 26 | W63: 51
A64: 52 | B64: TERESITA ELIZABETH GALVEZ MARTINEZ | D64: 10 | E64: JULIO | F64: 2010 | G64: HERMOSILLO, SONORA | H64: GERARDO LAMBERTO GALVEZ CARRILLO | I64: TERESITA MARTINEZ FLORES | J64: 6 | K64: MARZO | L64: 2011 | M64: PBRO. FELIPE DE JESUS ZARAGOZA ORTEGA | N64: JUANA ARRIAGA CARRILLO | P64: PBRO. FELIPE DE JESUS ZARAGOZA ORTEGA | Q64: 633 | R64: =H64&" Y "&I64 -> GERARDO LAMBERTO GALVEZ CARRILLO Y TERESITA MARTINEZ FLORES | S64: =D64&" "&E64&" DE "&F64 -> 10 JULIO DE 2010 | T64: =J64&" "&K64&" DE "&L64 -> 6 MARZO DE 2011 | U64: 1 | V64: 26 | W64: 52
A65: 53 | B65: MARIA KAMILA BERNAL PEÑA | D65: 6 | E65: JULIO | F65: 2010 | G65: HERMOSILLO, SONORA | H65: CARLOS BERNAL SOTO | I65: MARISA LORENIA PEÑA REYNOSO | J65: 12 | K65: MARZO | L65: 2011 | M65: PBRO. FELIPE DE JESUS ZARAGOZA ORTEGA | N65: FRANCISCO BERNAL SOTO | O65: MARIA DEL ROSARIO BERNAL SOTO | P65: PBRO. FELIPE DE JESUS ZARAGOZA ORTEGA | Q65: 1991 | R65: =H65&" Y "&I65 -> CARLOS BERNAL SOTO Y MARISA LORENIA PEÑA REYNOSO | S65: =D65&" "&E65&" DE "&F65 -> 6 JULIO DE 2010 | T65: =J65&" "&K65&" DE "&L65 -> 12 MARZO DE 2011 | U65: 1 | V65: 27 | W65: 53
A66: 54 | B66: JESUS EMMANUEL GUERRERO HERNANDEZ | D66: 17 | E66: DICIEMBRE | F66: 2010 | G66: HERMOSILLO, SONORA | H66: RIGOBERTO GUERRERO MELO | I66: ANA ESTHER HERNANDEZ GUTIERREZ | J66: 19 | K66: MARZO | L66: 2011 | M66: PBRO. FELIPE DE JESUS ZARAGOZA ORTEGA | N66: JOSE LUIS HERNANDEZ GUTIERREZ | O66: ZOILA LIZARDI ZUÑIGA | P66: PBRO. FELIPE DE JESUS ZARAGOZA ORTEGA | Q66: 5303 | R66: =H66&" Y "&I66 -> RIGOBERTO GUERRERO MELO Y ANA ESTHER HERNANDEZ GUTIERREZ | S66: =D66&" "&E66&" DE "&F66 -> 17 DICIEMBRE DE 2010 | T66: =J66&" "&K66&" DE "&L66 -> 19 MARZO DE 2011 | U66: 1 | V66: 27 | W66: 54
A67: 55 | B67: SANTIAGO GUTIERREZ BORBON | D67: 12 | E67: AGOSTO | F67: 2010 | G67: HERMOSILLO, SONORA | H67: SANTIAGO GUTIERREZ DURAN | I67: ROXANA JANETH BORBON LOPEZ | J67: 19 | K67: MARZO | L67: 2011 | M67: PBRO. FELIPE DE JESUS ZARAGOZA ORTEGA | N67: JOSE RAMON ESTRADA MARQUEZ Y ALMA DELIA JAIME TOLEDO | O67: ISAURA P. BORBON LOPEZ | P67: PBRO. FELIPE DE JESUS ZARAGOZA ORTEGA | Q67: 1228 | R67: =H67&" Y "&I67 -> SANTIAGO GUTIERREZ DURAN Y ROXANA JANETH BORBON LOPEZ | S67: =D67&" "&E67&" DE "&F67 -> 12 AGOSTO DE 2010 | T67: =J67&" "&K67&" DE "&L67 -> 19 MARZO DE 2011 | U67: 1 | V67: 28 | W67: 55
A68: 56 | B68: SEBASTIAN ARCE SANDOVAL | D68: 4 | E68: OCTUBRE | F68: 2010 | G68: HERMOSILLO, SONORA | H68: JOSE ARMANDO ARCE AGUILAR | I68: MARIA EUGENIA SANDOVAL NOLASCO | J68: 19 | K68: MARZO | L68: 2011 | M68: PBRO. FELIPE DE JESUS ZARAGOZA ORTEGA | N68: FERNANDO OZUNASANCHEZ Y TERESA SANDOVAL NOLASCO | O68: JORGE PEÑUÑURI DUARTE | P68: PBRO. FELIPE DE JESUS ZARAGOZA ORTEGA | Q68: 570 | R68: =H68&" Y "&I68 -> JOSE ARMANDO ARCE AGUILAR Y MARIA EUGENIA SANDOVAL NOLASCO | S68: =D68&" "&E68&" DE "&F68 -> 4 OCTUBRE DE 2010 | T68: =J68&" "&K68&" DE "&L68 -> 19 MARZO DE 2011 | U68: 1 | V68: 28 | W68: 56
A69: 57 | B69: XIMENA TORRES CRUZ | D69: 21 | E69: DICIEMBRE | F69: 2009 | G69: HERMOSILLO, SONORA | H69: ISMAEL TORRES REYES | I69: MARIA ANA CRUZ DAVILA | J69: 26 | K69: MARZO | L69: 2011 | M69: PBRO. FELIPE DE JESUS ZARAGOZA ORTEGA | N69: CLAUDIA DOLORES MORAN ACOSTA Y HECTOR OMAR GARCIA OCHOA | O69: HORACIO MARTINEZ ACUÑA | P69: PBRO. FELIPE DE JESUS ZARAGOZA ORTEGA | Q69: 12 | R69: =H69&" Y "&I69 -> ISMAEL TORRES REYES Y MARIA ANA CRUZ DAVILA | S69: =D69&" "&E69&" DE "&F69 -> 21 DICIEMBRE DE 2009 | T69: =J69&" "&K69&" DE "&L69 -> 26 MARZO DE 2011 | U69: 1 | V69: 29 | W69: 57
A70: 58 | B70: LUIS EDUARDO ALFONSO GONZALEZ | D70: 14 | E70: ABRIL | F70: 2010 | G70: HERMOSILLO, SONORA | H70: LUIS ALFONSO GARCIA LOPEZ | I70: LILIAN FRANCISCA GONZALEZ GOMEZ | J70: 26 | K70: MARZO | L70: 2011 | M70: PBRO. FELIPE DE JESUS ZARAGOZA ORTEGA | N70: ALBERTO JOSE RODRIGUEZ | O70: SILVIA GONZALEZ GOMEZ | P70: PBRO. FELIPE DE JESUS ZARAGOZA ORTEGA | Q70: 860 | R70: =H70&" Y "&I70 -> LUIS ALFONSO GARCIA LOPEZ Y LILIAN FRANCISCA GONZALEZ GOMEZ | S70: =D70&" "&E70&" DE "&F70 -> 14 ABRIL DE 2010 | T70: =J70&" "&K70&" DE "&L70 -> 26 MARZO DE 2011 | U70: 1 | V70: 29 | W70: 58
A71: 59 | B71: ANA SOFIA AUDEVES SAUCEDA | D71: 16 | E71: DICIEMBRE | F71: 2009 | G71: HERMOSILLO, SONORA | I71: GISELA AUDEVES SAUCEDA | J71: 9 | K71: ABRIL | L71: 2011 | M71: PBRO. FELIPE DE JESUS ZARAGOZA ORTEGA | N71: JESSICA AUDEVES SAUCEDA | O71: ANA ISABEL AUDEVES SAUCEDA | P71: PBRO. FELIPE DE JESUS ZARAGOZA ORTEGA | Q71: 256 | R71: =H71&" Y "&I71 -> Y GISELA AUDEVES SAUCEDA | S71: =D71&" "&E71&" DE "&F71 -> 16 DICIEMBRE DE 2009 | T71: =J71&" "&K71&" DE "&L71 -> 9 ABRIL DE 2011 | U71: 1 | V71: 30 | W71: 59
A72: 60 | B72: ALEJANDRO AUDEVES SAUCEDA | D72: 16 | E72: DICIEMBRE | F72: 2009 | G72: HERMOSILLO, SONORA | I72: GISELA AUDEVES SAUCEDA | J72: 9 | K72: ABRIL | L72: 2011 | M72: PBRO. FELIPE DE JESUS ZARAGOZA ORTEGA | N72: PABLO DIAZ GONZALEZ | O72: ANA ISABEL AUDEVES SAUCEDA | P72: PBRO. FELIPE DE JESUS ZARAGOZA ORTEGA | Q72: 257 | R72: =H72&" Y "&I72 -> Y GISELA AUDEVES SAUCEDA | S72: =D72&" "&E72&" DE "&F72 -> 16 DICIEMBRE DE 2009 | T72: =J72&" "&K72&" DE "&L72 -> 9 ABRIL DE 2011 | U72: 1 | V72: 30 | W72: 60
A73: 61 | B73: DANAE NOGALES DORANTES | D73: 5 | E73: ABRIL | F73: 2010 | G73: HERMOSILLO, SONORA | H73: SERGIO OMAR NOGALES AHUMADA | I73: MINERVA DORANTES JARAMILLO | J73: 9 | K73: ABRIL | L73: 2011 | M73: PBRO. FELIPE DE JESUS ZARAGOZA ORTEGA | N73: JOSE JAUDIEL RUIZ SANTACRUZ | O73: MARIA ANA GUADALUPE LUGO CORRALES | P73: PBRO. FELIPE DE JESUS ZARAGOZA ORTEGA | Q73: 1475 | R73: =H73&" Y "&I73 -> SERGIO OMAR NOGALES AHUMADA Y MINERVA DORANTES JARAMILLO | S73: =D73&" "&E73&" DE "&F73 -> 5 ABRIL DE 2010 | T73: =J73&" "&K73&" DE "&L73 -> 9 ABRIL DE 2011 | U73: 1 | V73: 31 | W73: 61
A74: 62 | B74: ESTEFANY ACOSTA ROMERO | D74: 9 | E74: ABRIL | F74: 2010 | G74: HERMOSILLO, SONORA | H74: JORGE LUIS ACOSTA PONCE | I74: BLANCA AZUCENA ROMERO LUZANIA | J74: 9 | K74: ABRIL | L74: 2011 | M74: PBRO. FELIPE DE JESUS ZARAGOZA ORTEGA | N74: ARIEL GABRIEL CEBALLOS MORALES Y MARIA ANGELES ACOSTA PONCE | O74: KARLA MARIA ROMERO LUZANIA | P74: PBRO. FELIPE DE JESUS ZARAGOZA ORTEGA | Q74: 1712 | R74: =H74&" Y "&I74 -> JORGE LUIS ACOSTA PONCE Y BLANCA AZUCENA ROMERO LUZANIA | S74: =D74&" "&E74&" DE "&F74 -> 9 ABRIL DE 2010 | T74: =J74&" "&K74&" DE "&L74 -> 9 ABRIL DE 2011 | U74: 1 | V74: 31 | W74: 62
A75: 63 | B75: MATHEO COTA MOTTA | D75: 30 | E75: MARZO | F75: 2009 | G75: HERMOSILLO, SONORA | I75: MARIA MERCEDES COTA MOTTA | J75: 2 | K75: ABRIL | L75: 2011 | M75: PBRO. FELIPE DE JESUS ZARAGOZA ORTEGA | N75: JORGE ALEJANDRO SILVA MOTTA Y ALEJANDRA COTA MOTTA | O75: ALEJANDRO VELASCO BORBON | P75: PBRO. FELIPE DE JESUS ZARAGOZA ORTEGA | Q75: 1314 | R75: =H75&" Y "&I75 -> Y MARIA MERCEDES COTA MOTTA | S75: =D75&" "&E75&" DE "&F75 -> 30 MARZO DE 2009 | T75: =J75&" "&K75&" DE "&L75 -> 2 ABRIL DE 2011 | U75: 1 | V75: 32 | W75: 63
A76: 64 | B76: VANNYA PRISCILA GARCIA CASTILLO | D76: 26 | E76: DICIEMBRE | F76: 2009 | G76: HERMOSILLO, SONORA | H76: JOSE GUADALUPE GARCIA SERVIN | I76: ERIKA MARBELL CASTILLO ARMENDARIZ | J76: 23 | K76: ABRIL | L76: 2011 | M76: PBRO. FELIPE DE JESUS ZARAGOZA ORTEGA | N76: JESUS TRASVIÑA PALOMARES | P76: PBRO. FELIPE DE JESUS ZARAGOZA ORTEGA | Q76: 242 | R76: =H76&" Y "&I76 -> JOSE GUADALUPE GARCIA SERVIN Y ERIKA MARBELL CASTILLO ARMENDARIZ | S76: =D76&" "&E76&" DE "&F76 -> 26 DICIEMBRE DE 2009 | T76: =J76&" "&K76&" DE "&L76 -> 23 ABRIL DE 2011 | U76: 1 | V76: 32 | W76: 64
A77: 65 | B77: ELENA DE LA CRUZ HERNANDEZ OVANDO | D77: 5 | E77: ENERO | F77: 1983 | G77: HERMOSILLO, SONORA | H77: LEOPOLDO HERNANDEZ RODRIGUEZ | I77: MARGARITA CONCEPCION OVANDO MORALES | J77: 23 | K77: ABRIL | L77: 2011 | M77: PBRO. FELIPE DE JESUS ZARAGOZA ORTEGA | N77: GLADYS JUDITH ESTRELLA GONZALEZ | P77: PBRO. FELIPE DE JESUS ZARAGOZA ORTEGA | Q77: 928 | R77: =H77&" Y "&I77 -> LEOPOLDO HERNANDEZ RODRIGUEZ Y MARGARITA CONCEPCION OVANDO MORALES | S77: =D77&" "&E77&" DE "&F77 -> 5 ENERO DE 1983 | T77: =J77&" "&K77&" DE "&L77 -> 23 ABRIL DE 2011 | U77: 1 | V77: 33 | W77: 65
A78: 66 | B78: MARCIA CAROLINA BERMUDEZ LACARRA | D78: 8 | E78: FEBRERO | F78: 2006 | G78: HERMOSILLO, SONORA | H78: GUILLERMO BERMUDEZ ESTRADA | I78: CRUZ ELVIRA LACARRA ORTEGA | J78: 23 | K78: ABRIL | L78: 2011 | M78: PBRO. FELIPE DE JESUS ZARAGOZA ORTEGA | N78: SERGIO IVAN LOPEZ ESTRADA | O78: MARCIA JULIA BERMUDEZ ESTRADA | P78: PBRO. FELIPE DE JESUS ZARAGOZA ORTEGA | Q78: 521 | R78: =H78&" Y "&I78 -> GUILLERMO BERMUDEZ ESTRADA Y CRUZ ELVIRA LACARRA ORTEGA | S78: =D78&" "&E78&" DE "&F78 -> 8 FEBRERO DE 2006 | T78: =J78&" "&K78&" DE "&L78 -> 23 ABRIL DE 2011 | U78: 1 | V78: 33 | W78: 66
A79: 67 | B79: MARIAN JOANA LACARRA ORTEGA | D79: 24 | E79: JUNIO | F79: 1999 | G79: HERMOSILLO, SONORA | I79: CRUZ ELVIRA LACARRA ORTEGA | J79: 23 | K79: ABRIL | L79: 2011 | M79: PBRO. FELIPE DE JESUS ZARAGOZA ORTEGA | N79: SERGIO IVAN LOPEZ ESTRADA | O79: MARCIA JULIA BERMUDEZ ESTRADA | P79: PBRO. FELIPE DE JESUS ZARAGOZA ORTEGA | Q79: 2600 | R79: =H79&" Y "&I79 -> Y CRUZ ELVIRA LACARRA ORTEGA | S79: =D79&" "&E79&" DE "&F79 -> 24 JUNIO DE 1999 | T79: =J79&" "&K79&" DE "&L79 -> 23 ABRIL DE 2011 | U79: 1 | V79: 34 | W79: 67
A80: 68 | B80: DEYMI IVANNA SANCHEZ GUTIERREZ | D80: 16 | E80: MARZO | F80: 2004 | G80: CHIHUAHUA, CHIHUAHUA | H80: BERNANRDO SANCHEZ PEREA | I80: LUCERO LIZETH GUTIERREZ GALVEZ | J80: 23 | K80: ABRIL | L80: 2011 | M80: PBRO. FELIPE DE JESUS ZARAGOZA ORTEGA | O80: JULIETA GUTIERREZ GALVEZ | P80: PBRO. FELIPE DE JESUS ZARAGOZA ORTEGA | Q80: 4339 | R80: =H80&" Y "&I80 -> BERNANRDO SANCHEZ PEREA Y LUCERO LIZETH GUTIERREZ GALVEZ | S80: =D80&" "&E80&" DE "&F80 -> 16 MARZO DE 2004 | T80: =J80&" "&K80&" DE "&L80 -> 23 ABRIL DE 2011 | U80: 1 | V80: 34 | W80: 68
A81: 69 | B81: LUCERO MARIA GUADALUPE RIOS GUTIERREZ | D81: 20 | E81: OCTUBRE | F81: 2000 | G81: HERMOSILLO, SONORA | H81: JOSE PEDRO RIOS URQUIJO | I81: LUCERO LIZETH GUTIERREZ GALVEZ | J81: 23 | K81: ABRIL | L81: 2011 | M81: PBRO. FELIPE DE JESUS ZARAGOZA ORTEGA | O81: CARMEN ESTHER GALVEZ LOPEZ | P81: PBRO. FELIPE DE JESUS ZARAGOZA ORTEGA | Q81: 3342 | R81: =H81&" Y "&I81 -> JOSE PEDRO RIOS URQUIJO Y LUCERO LIZETH GUTIERREZ GALVEZ | S81: =D81&" "&E81&" DE "&F81 -> 20 OCTUBRE DE 2000 | T81: =J81&" "&K81&" DE "&L81 -> 23 ABRIL DE 2011 | U81: 1 | V81: 35 | W81: 69
A82: 70 | B82: LUCERO LIZETH GUTIERREZ GALVEZ | D82: 7 | E82: SEPTIEMBRE | F82: 1984 | G82: HERMOSILLO, SONORA | H82: DIVO MANUEL GUTIERREZ MORUA | I82: CARMEN ESTHER GALVEZ LOPEZ | J82: 23 | K82: ABRIL | L82: 2011 | M82: PBRO. FELIPE DE JESUS ZARAGOZA ORTEGA | P82: PBRO. FELIPE DE JESUS ZARAGOZA ORTEGA | Q82: 2206 | R82: =H82&" Y "&I82 -> DIVO MANUEL GUTIERREZ MORUA Y CARMEN ESTHER GALVEZ LOPEZ | S82: =D82&" "&E82&" DE "&F82 -> 7 SEPTIEMBRE DE 1984 | T82: =J82&" "&K82&" DE "&L82 -> 23 ABRIL DE 2011 | U82: 1 | V82: 35 | W82: 70
A83: 71 | B83: EVA MARIA BALLESTEROS VEGA | D83: 15 | E83: JULIO | F83: 1998 | G83: CANANEA, SONORA | I83: MARIA VERONICA BALLESTEROS VEGA | J83: 23 | K83: ABRIL | L83: 2011 | M83: PBRO. FELIPE DE JESUS ZARAGOZA ORTEGA | N83: EDUARDO BALLESTEROS VEGA | O83: MARISELA GUADALUPE BALLESTEROS VEGA | P83: PBRO. FELIPE DE JESUS ZARAGOZA ORTEGA | Q83: 722 | R83: =H83&" Y "&I83 -> Y MARIA VERONICA BALLESTEROS VEGA | S83: =D83&" "&E83&" DE "&F83 -> 15 JULIO DE 1998 | T83: =J83&" "&K83&" DE "&L83 -> 23 ABRIL DE 2011 | U83: 1 | V83: 36 | W83: 71
A84: 72 | B84: JESUS ABRAHAM | D84: 25 | E84: DICIEMBRE | F84: 1996 | G84: CANANEA, SONORA | H84: JESUS ALBERTO GUTIERREZ PARRA | I84: MARIA VERONICA BALLESTEROS VEGA | J84: 23 | K84: ABRIL | L84: 2011 | M84: PBRO. FELIPE DE JESUS ZARAGOZA ORTEGA | N84: AARON ALCARAZ RODRIGUEZ | O84: ALEJANDRA GONZALEZ BALLESTEROS | P84: PBRO. FELIPE DE JESUS ZARAGOZA ORTEGA | Q84: 108 | R84: =H84&" Y "&I84 -> JESUS ALBERTO GUTIERREZ PARRA Y MARIA VERONICA BALLESTEROS VEGA | S84: =D84&" "&E84&" DE "&F84 -> 25 DICIEMBRE DE 1996 | T84: =J84&" "&K84&" DE "&L84 -> 23 ABRIL DE 2011 | U84: 1 | V84: 36 | W84: 72
A85: 73 | B85: ARIEL RUBEN TAPIA CASTRO | D85: 19 | E85: ENERO | F85: 2001 | G85: NOGALES , SONORA | H85: RAMIRO TAPIA CAMPILLO | I85: BLANCA ESTELA CASTRO VEJAR | J85: 23 | K85: ABRIL | L85: 2011 | M85: PBRO. FELIPE DE JESUS ZARAGOZA ORTEGA | N85: JOSE MOROYOQUI | O85: KARINA CASTRO | P85: PBRO. FELIPE DE JESUS ZARAGOZA ORTEGA | Q85: 54 | R85: =H85&" Y "&I85 -> RAMIRO TAPIA CAMPILLO Y BLANCA ESTELA CASTRO VEJAR | S85: =D85&" "&E85&" DE "&F85 -> 19 ENERO DE 2001 | T85: =J85&" "&K85&" DE "&L85 -> 23 ABRIL DE 2011 | U85: 1 | V85: 37 | W85: 73
A86: 74 | B86: FERNANDO ALONSO TAPIA CASTRO | D86: 14 | E86: JUNIO | F86: 1996 | G86: PIMA, ARIZONA | H86: RAMIRO TAPIA CAMPILLO | I86: BLANCA ESTELA CASTRO VEJAR | J86: 23 | K86: ABRIL | L86: 2011 | M86: PBRO. FELIPE DE JESUS ZARAGOZA ORTEGA | O86: KARINA CASTRO | P86: PBRO. FELIPE DE JESUS ZARAGOZA ORTEGA | R86: =H86&" Y "&I86 -> RAMIRO TAPIA CAMPILLO Y BLANCA ESTELA CASTRO VEJAR | S86: =D86&" "&E86&" DE "&F86 -> 14 JUNIO DE 1996 | T86: =J86&" "&K86&" DE "&L86 -> 23 ABRIL DE 2011 | U86: 1 | V86: 37 | W86: 74
A87: 75 | B87: MELISA GUADALUPE MONTAÑO OSUNA | D87: 15 | E87: FEBRERO | F87: 2003 | G87: HERMOSILLO, SONORA | I87: MILAGROS YAHAIRA MONTAÑO OSUNA | J87: 23 | K87: ABRIL | L87: 2011 | M87: PBRO. FELIPE DE JESUS ZARAGOZA ORTEGA | N87: FRANCISCO CORONEL | O87: DELIA IRMA CERVANTES ARVAYO | P87: PBRO. FELIPE DE JESUS ZARAGOZA ORTEGA | Q87: 1532 | R87: =H87&" Y "&I87 -> Y MILAGROS YAHAIRA MONTAÑO OSUNA | S87: =D87&" "&E87&" DE "&F87 -> 15 FEBRERO DE 2003 | T87: =J87&" "&K87&" DE "&L87 -> 23 ABRIL DE 2011 | U87: 1 | V87: 38 | W87: 75
A88: 76 | B88: DAFNE NOHEMI MORALES ORTIZ | D88: 10 | E88: JULIO | F88: 2004 | G88: HERMOSILLO, SONORA | H88: NOE FRANCISCO MORALES REYES | I88: JUDITH BERENICE ORTIZ PLAZA | J88: 23 | K88: ABRIL | L88: 2011 | M88: PBRO. FELIPE DE JESUS ZARAGOZA ORTEGA | N88: BERNARDINO FIMBRES ROBLES | O88: TANIA SARAI SANCHEZ CLAVERO | P88: PBRO. FELIPE DE JESUS ZARAGOZA ORTEGA | Q88: 3197 | R88: =H88&" Y "&I88 -> NOE FRANCISCO MORALES REYES Y JUDITH BERENICE ORTIZ PLAZA | S88: =D88&" "&E88&" DE "&F88 -> 10 JULIO DE 2004 | T88: =J88&" "&K88&" DE "&L88 -> 23 ABRIL DE 2011 | U88: 1 | V88: 38 | W88: 76
A89: 77 | B89: DYLAN NOE MORALES ORTIZ | D89: 10 | E89: JUNIO | F89: 2003 | G89: HERMOSILLO, SONORA | H89: NOE FRANCISCO MORALES REYES | I89: JUDITH BERENICE ORTIZ PLAZA | J89: 23 | K89: ABRIL | L89: 2011 | M89: PBRO. FELIPE DE JESUS ZARAGOZA ORTEGA | N89: JULIO CESAR ROMERO SALDAMANDO | O89: GUADALUPE IRENE FIGUEROA LOAIZA | P89: PBRO. FELIPE DE JESUS ZARAGOZA ORTEGA | Q89: 1738 | R89: =H89&" Y "&I89 -> NOE FRANCISCO MORALES REYES Y JUDITH BERENICE ORTIZ PLAZA | S89: =D89&" "&E89&" DE "&F89 -> 10 JUNIO DE 2003 | T89: =J89&" "&K89&" DE "&L89 -> 23 ABRIL DE 2011 | U89: 1 | V89: 39 | W89: 77
A90: 78 | B90: NOE SIKEN MORALES ORTIZ | D90: 28 | E90: AGOSTO | F90: 2006 | G90: HERMOSILLO, SONORA | H90: NOE FRANCISCO MORALES REYES | I90: JUDITH BERENICE ORTIZ PLAZA | J90: 23 | K90: ABRIL | L90: 2011 | M90: PBRO. FELIPE DE JESUS ZARAGOZA ORTEGA | N90: ABRAHAM RAFAEL BURGOS CASTRO | O90: AMERICA BERENICE RAMOS SALINAS | P90: PBRO. FELIPE DE JESUS ZARAGOZA ORTEGA | Q90: 3080 | R90: =H90&" Y "&I90 -> NOE FRANCISCO MORALES REYES Y JUDITH BERENICE ORTIZ PLAZA | S90: =D90&" "&E90&" DE "&F90 -> 28 AGOSTO DE 2006 | T90: =J90&" "&K90&" DE "&L90 -> 23 ABRIL DE 2011 | U90: 1 | V90: 39 | W90: 78
A91: 79 | B91: DANAE BADILLA URQUIDI | D91: 22 | E91: DICIEMBRE | F91: 2001 | G91: PIMA, ARIZONA | H91: MANUEL BADILLA | I91: ANA LILIA URQUIDI | J91: 8 | K91: MAYO | L91: 2011 | M91: PBRO. FELIPE DE JESUS ZARAGOZA ORTEGA | N91: FRANCISCO BADILLA PALACIOS | O91: SILVANA GUADALUPE HERRERA VILLA | P91: PBRO. FELIPE DE JESUS ZARAGOZA ORTEGA | Q91: B-102-2001-080996 | R91: =H91&" Y "&I91 -> MANUEL BADILLA Y ANA LILIA URQUIDI | S91: =D91&" "&E91&" DE "&F91 -> 22 DICIEMBRE DE 2001 | T91: =J91&" "&K91&" DE "&L91 -> 8 MAYO DE 2011 | U91: 1 | V91: 40 | W91: 79
A92: 80 | B92: GERARDO TABANICO JIMENEZ | D92: 18 | E92: ENERO | F92: 2011 | G92: HERMOSILLO, SONORA | H92: FRANCISCO JAVIER TABANICO LEON | I92: MARIA FERNANDA JIMENEZ MORENO | J92: 14 | K92: MAYO | L92: 2011 | M92: PBRO. FELIPE DE JESUS ZARAGOZA ORTEGA | N92: ALFREDO TERRAZAS RODRIGUEZ | O92: GUADALUPE ARACELI MORALES CHACON | P92: PBRO. FELIPE DE JESUS ZARAGOZA ORTEGA | Q92: 670 | R92: =H92&" Y "&I92 -> FRANCISCO JAVIER TABANICO LEON Y MARIA FERNANDA JIMENEZ MORENO | S92: =D92&" "&E92&" DE "&F92 -> 18 ENERO DE 2011 | T92: =J92&" "&K92&" DE "&L92 -> 14 MAYO DE 2011 | U92: 1 | V92: 40 | W92: 80
A93: 81 | B93: JOSE MANUEL ROMERO GALVEZ | D93: 26 | E93: ENERO | F93: 2011 | G93: HERMOSILLO, SONORA | H93: JOSE ALBERTO ROMERO | I93: SAMIRA ALEJANDRA GALVEZ MORENO | J93: 14 | K93: MAYO | L93: 2011 | M93: PBRO. FELIPE DE JESUS ZARAGOZA ORTEGA | N93: VICTOR ALONSO GALVEZ MORENO | O93: PERLA AURORA GARCIA DE GALVEZ | P93: PBRO. FELIPE DE JESUS ZARAGOZA ORTEGA | Q93: 749 | R93: =H93&" Y "&I93 -> JOSE ALBERTO ROMERO Y SAMIRA ALEJANDRA GALVEZ MORENO | S93: =D93&" "&E93&" DE "&F93 -> 26 ENERO DE 2011 | T93: =J93&" "&K93&" DE "&L93 -> 14 MAYO DE 2011 | U93: 1 | V93: 41 | W93: 81
A94: 82 | B94: BERENICE MAYTE MARTINEZ DOMINGUEZ | D94: 12 | E94: AGOSTO | F94: 2005 | G94: HERMOSILLO, SONORA | H94: GABRIEL ALBERTO MARTINEZ CASTILLO | I94: MARIA TERESA DOMINGUEZ CUEVAS | J94: 22 | K94: MAYO | L94: 2011 | M94: PBRO. FELIPE DE JESUS ZARAGOZA ORTEGA | N94: SERGIO MARTINEZ CASTILLO | O94: CLARA SOLANO CORTEZ | P94: PBRO. FELIPE DE JESUS ZARAGOZA ORTEGA | Q94: 2775 | R94: =H94&" Y "&I94 -> GABRIEL ALBERTO MARTINEZ CASTILLO Y MARIA TERESA DOMINGUEZ CUEVAS | S94: =D94&" "&E94&" DE "&F94 -> 12 AGOSTO DE 2005 | T94: =J94&" "&K94&" DE "&L94 -> 22 MAYO DE 2011 | U94: 1 | V94: 41 | W94: 82
A95: 83 | B95: EMILIO DE LA TORRE ALONSO | D95: 2 | E95: MARZO | F95: 2011 | G95: NOGALES, ARIZONA | H95: ABRAM DE LA TORRE | I95: IMELDA ALONSO CIFUENTES | J95: 28 | K95: MAYO | L95: 2011 | M95: PBRO. FELIPE DE JESUS ZARAGOZA ORTEGA | N95: ARTURO ALONSO CIFUENTES | O95: VERONICA SILVA OLIVAS | P95: PBRO. FELIPE DE JESUS ZARAGOZA ORTEGA | Q95: B-102-2011-013325 | R95: =H95&" Y "&I95 -> ABRAM DE LA TORRE Y IMELDA ALONSO CIFUENTES | S95: =D95&" "&E95&" DE "&F95 -> 2 MARZO DE 2011 | T95: =J95&" "&K95&" DE "&L95 -> 28 MAYO DE 2011 | U95: 1 | V95: 42 | W95: 83
A96: 84 | B96: MIRANDA ANGELICA NAVARRO ENCINAS | D96: 4 | E96: NOVIEMBRE | F96: 2010 | G96: HERMOSILLO, SONORA | I96: ANGELICA NAVARRO ENCINAS | J96: 28 | K96: MAYO | L96: 2011 | M96: PBRO. FELIPE DE JESUS ZARAGOZA ORTEGA | N96: JUAN CARLOS GERLASH Y LINDA RENDON RIVERA | O96: IRMA OFELIA URIBE RUIZ | P96: PBRO. FELIPE DE JESUS ZARAGOZA ORTEGA | Q96: 1416 | R96: =H96&" Y "&I96 -> Y ANGELICA NAVARRO ENCINAS | S96: =D96&" "&E96&" DE "&F96 -> 4 NOVIEMBRE DE 2010 | T96: =J96&" "&K96&" DE "&L96 -> 28 MAYO DE 2011 | U96: 1 | V96: 42 | W96: 84
A97: 85 | B97: ISABEL SOFIA NAVARRO ENCINAS | D97: 30 | E97: DICIEMBRE | F97: 2010 | G97: HERMOSILLO, SONORA | H97: PAULO CESAR NAVARRO ENCINAS | I97: ROSA ELENA ACUÑA LOPEZ | J97: 28 | K97: MAYO | L97: 2011 | M97: PBRO. FELIPE DE JESUS ZARAGOZA ORTEGA | N97: FRANCISCO ZARAGOZA ORTEGA Y JUDITH LUCIA MARTINEZ | O97: JUAN DE DIOS ROMERO MARTINEZ Y DORA LETICIA ACUÑA LOPEZ | P97: PBRO. FELIPE DE JESUS ZARAGOZA ORTEGA | Q97: 29 | R97: =H97&" Y "&I97 -> PAULO CESAR NAVARRO ENCINAS Y ROSA ELENA ACUÑA LOPEZ | S97: =D97&" "&E97&" DE "&F97 -> 30 DICIEMBRE DE 2010 | T97: =J97&" "&K97&" DE "&L97 -> 28 MAYO DE 2011 | U97: 1 | V97: 43 | W97: 85
A98: 86 | B98: ALEJANDRO DE LA TORRE DUARTE | D98: 9 | E98: MARZO | F98: 2011 | G98: HERMOSILLO, SONORA | H98: RICARDO DE LA TORRE MURILLO | I98: NIDIA DUARTE TADDEI | J98: 28 | K98: MAYO | L98: 2011 | M98: PBRO. FELIPE DE JESUS ZARAGOZA ORTEGA | N98: FRANCISCO MANUEL BOJORQUEZ RIVAS Y MIRIAM E. CARRASCO VALDEZ | O98: JOSE JESUS QUINTERO G. Y MAGDALENA VALENCIA MARTINEZ | P98: PBRO. FELIPE DE JESUS ZARAGOZA ORTEGA | Q98: 678 | R98: =H98&" Y "&I98 -> RICARDO DE LA TORRE MURILLO Y NIDIA DUARTE TADDEI | S98: =D98&" "&E98&" DE "&F98 -> 9 MARZO DE 2011 | T98: =J98&" "&K98&" DE "&L98 -> 28 MAYO DE 2011 | U98: 1 | V98: 43 | W98: 86
A99: 87 | B99: KALEB RICARDO TAPIA MATA | C99: =IF(#REF!="FEMENINO","A","O") -> #REF! | D99: 1 | E99: ENERO | F99: 2011 | G99: HERMOSILLO, SONORA | H99: MANUEL RICARDO TAPIA BLANCO | I99: GRISELDA IVETH MATA VALDEZ | J99: 4 | K99: JUNIO | L99: 2011 | M99: PBRO. FELIPE DE JESUS ZARAGOZA ORTEGA | N99: RAMON MATA AYALA Y ELSA LUZ VALDEZ VALENZUELA | O99: RAMON ANGEL MATA VALDEZ Y ANA MARIA IBARRA VAZQUEZ | P99: PBRO. FELIPE DE JESUS ZARAGOZA ORTEGA | Q99: 351 | R99: =H99&" Y "&I99 -> MANUEL RICARDO TAPIA BLANCO Y GRISELDA IVETH MATA VALDEZ | S99: =D99&" "&E99&" DE "&F99 -> 1 ENERO DE 2011 | T99: =J99&" "&K99&" DE "&L99 -> 4 JUNIO DE 2011 | U99: 1 | V99: 44 | W99: 87
A100: 88 | B100: MARIANGELA BALDERRAMA ARENAS | D100: 22 | E100: OCTUBRE | F100: 2010 | G100: HERMOSILLO, SONORA | H100: HORACIO BALDERRAMA COTA | I100: MAYRA DEL REFUGIO ARENAS MONGE | J100: 4 | K100: JUNIO | L100: 2011 | M100: PBRO. FELIPE DE JESUS ZARAGOZA ORTEGA | N100: LILIANA MACHI LARA | O100: IRALIA FIGUEROA BERNAL | P100: PBRO. FELIPE DE JESUS ZARAGOZA ORTEGA | Q100: 4362 | R100: =H100&" Y "&I100 -> HORACIO BALDERRAMA COTA Y MAYRA DEL REFUGIO ARENAS MONGE | S100: =D100&" "&E100&" DE "&F100 -> 22 OCTUBRE DE 2010 | T100: =J100&" "&K100&" DE "&L100 -> 4 JUNIO DE 2011 | U100: 1 | V100: 44 | W100: 88
A101: 89 | B101: YAEL XIMENA RUIZ RAMOS | D101: 14 | E101: MAYO | F101: 2010 | G101: HERMOSILLO, SONORA | H101: JUAN MANUEL RUIZ RIOS | I101: CRUZ ELENA RAMOS FERNANDEZ | J101: 11 | K101: JUNIO | L101: 2011 | M101: PBRO. FELIPE DE JESUS ZARAGOZA ORTEGA | N101: NADIA YESICA ARREDONDO JIMENEZ Y MA. VICTORIA RAMOS FERNANDEZ | O101: MA. ELIZABETH DOMINGUEZ G. Y RAUL GILBERTO RASCON RIOS | P101: PBRO. FELIPE DE JESUS ZARAGOZA ORTEGA | Q101: 1782 | R101: =H101&" Y "&I101 -> JUAN MANUEL RUIZ RIOS Y CRUZ ELENA RAMOS FERNANDEZ | S101: =D101&" "&E101&" DE "&F101 -> 14 MAYO DE 2010 | T101: =J101&" "&K101&" DE "&L101 -> 11 JUNIO DE 2011 | U101: 1 | V101: 45 | W101: 89
A102: 90 | B102: TANNIA SAULET LOPEZ ECHEVERRIA | D102: 7 | E102: OCTUBRE | F102: 2010 | G102: HERMOSILLO, SONORA | H102: SAUL LOPEZ LOPEZ | I102: TANIA GUADALUPE ECHEVERRIA CASTRO | J102: 1 | K102: JULIO | L102: 2011 | M102: PBRO. FELIPE DE JESUS ZARAGOZA ORTEGA | N102: NOHE CASTRO FERNANDEZ | O102: MARIA ISABEL ECHEVERRIA CASTRO | P102: PBRO. FELIPE DE JESUS ZARAGOZA ORTEGA | Q102: 5218 | R102: =H102&" Y "&I102 -> SAUL LOPEZ LOPEZ Y TANIA GUADALUPE ECHEVERRIA CASTRO | S102: =D102&" "&E102&" DE "&F102 -> 7 OCTUBRE DE 2010 | T102: =J102&" "&K102&" DE "&L102 -> 1 JULIO DE 2011 | U102: 1 | V102: 45 | W102: 90
A103: 91 | B103: SAMANTHA LIZBETH GUADALUPE VEGA GONZALEZ | D103: 12 | E103: DICIEMBRE | F103: 2009 | G103: HERMOSILLO, SONORA | H103: EMILIO VEGA OLIVAS | I103: MIRSA LIZBETH GONZALEZ CASTRO | J103: 1 | K103: JULIO | L103: 2011 | M103: PBRO. FELIPE DE JESUS ZARAGOZA ORTEGA | N103: ABRAHAM RAFAEL BURGOS CASTRO | O103: TERESITA RODRIGUEZ CASTRO | P103: PBRO. FELIPE DE JESUS ZARAGOZA ORTEGA | Q103: 452 | R103: =H103&" Y "&I103 -> EMILIO VEGA OLIVAS Y MIRSA LIZBETH GONZALEZ CASTRO | S103: =D103&" "&E103&" DE "&F103 -> 12 DICIEMBRE DE 2009 | T103: =J103&" "&K103&" DE "&L103 -> 1 JULIO DE 2011 | U103: 1 | V103: 46 | W103: 91
A104: 92 | B104: GERMAN LEON NOGALES | D104: 14 | E104: ABRIL | F104: 2011 | G104: HERMOSILLO, SONORA | H104: GILBERTO LEON CASTILLO | I104: ARLENE NOGALES MONTIJO | J104: 2 | K104: JULIO | L104: 2011 | M104: PBRO. FELIPE DE JESUS ZARAGOZA ORTEGA | N104: WALDO NOGALES MONTIJO | O104: BERENICE OCHOA NOGALES | P104: PBRO. FELIPE DE JESUS ZARAGOZA ORTEGA | Q104: 2027 | R104: =H104&" Y "&I104 -> GILBERTO LEON CASTILLO Y ARLENE NOGALES MONTIJO | S104: =D104&" "&E104&" DE "&F104 -> 14 ABRIL DE 2011 | T104: =J104&" "&K104&" DE "&L104 -> 2 JULIO DE 2011 | U104: 1 | V104: 46 | W104: 92
A105: 93 | B105: ANA PAULINA ANDRADE ZARAGOZA | D105: 4 | E105: FEBRERO | F105: 2011 | G105: HERMOSILLO, SONORA | H105: JUAN CARLOS ANDRADE ROMERO | I105: BRENDA DOLORES ZARAGOZA RAMIREZ | J105: 2 | K105: JULIO | L105: 2011 | M105: PBRO. FELIPE DE JESUS ZARAGOZA ORTEGA | N105: JESUS RAMIREZ ACUÑA; VICENTE ZARAGOZA ORTEGA | O105: ANAVEL VANESSA GUERRERO; JOSE ANTONIO ANDRADE | P105: PBRO. FELIPE DE JESUS ZARAGOZA ORTEGA | Q105: 316 | R105: =H105&" Y "&I105 -> JUAN CARLOS ANDRADE ROMERO Y BRENDA DOLORES ZARAGOZA RAMIREZ | S105: =D105&" "&E105&" DE "&F105 -> 4 FEBRERO DE 2011 | T105: =J105&" "&K105&" DE "&L105 -> 2 JULIO DE 2011 | U105: 1 | V105: 47 | W105: 93
...

Sheet IMPRESION-CONSTANCIA DEBAUTISMO
A1: 2832
B3: 116
C4: =LOOKUP($A$1,CONSTANCIA.BAUTISMO!$A$99:B1156) -> ANDY TADEO TEQUIDA GALAZ
C5: =LOOKUP($A$1,CONSTANCIA.BAUTISMO!$A$99:$S$1156) -> 17 OCTUBRE DE 2022 | I5: =LOOKUP($A$1,CONSTANCIA.BAUTISMO!$A$99:$Q$1156) -> 1633
C6: =LOOKUP($A$1,CONSTANCIA.BAUTISMO!$A$99:$G$1156) -> HERMOSILLO, SONORA
C7: =LOOKUP($A$1,CONSTANCIA.BAUTISMO!$A$99:$R$1156) -> ESTEBAN TEQUIDA VILLALOBOS Y CRUZ YENI GALAZ GALAZ
C8: =LOOKUP($A$1,CONSTANCIA.BAUTISMO!$A$99:$N$1156) -> ERICK ALAIN GALAZ GALAZ
C9: =LOOKUP($A$1,CONSTANCIA.BAUTISMO!$A$99:$O$1156) -> CARMEN YULIANA ESTRADA GALAZ
E10: =LOOKUP($A$1,CONSTANCIA.BAUTISMO!$A$99:$T$1156) -> 17 DICIEMBRE DE 2022
C12: 1 | D12: Página 75 | H12: 149 | M12: Pagina
C14: =IF(LOOKUP($A$1,CONSTANCIA.BAUTISMO!$A$99:$M$1156)=0, " ",LOOKUP($A$1,CONSTANCIA.BAUTISMO!$A$99:$M$1156)) -> PBRO. GERARDO CAMACHO PONCE | H14: =IF(LOOKUP($A$1,CONSTANCIA.BAUTISMO!$A$99:$P$1156)=0, " ",LOOKUP($A$1,CONSTANCIA.BAUTISMO!$A$99:$P$1156)) -> PBRO. GERARDO CAMACHO PONCE

Sheet CATECUMENOS 
A1: CATECUMENOS VIGILIA PASCUAL 03 ABRIL 2021
A2: NOMBRE | B2: FECHA SACRAMENTO | E2: PADRE | F2: MADRE | G2: PADRINOS
A3: BRISSIA NAHOMY FLORES DE LEON | B3: 3 | C3: ABRIL | D3: 2021 | E3: JACOB SADRAC FLORES GRACIA | F3: MARLENE GPE. DE LEON RODRIGUEZ | G3: JOSÉ BENJAMIN RAYA GARCIA y MYRNA ADRIANA MARTÍNEZ ORTÍZ
A4: SOFÍA PERALTA ANDRADE | B4: 3 | C4: ABRIL | D4: 2021 | E4: RIGOBERTO PERALTA FELIX | F4: SANTA ISELA ANDRADE PARRA | G4: JOSÉ P. TANAKA ANDRADE y MARÍA DEL ROSARIO MATUZ ANDRADE
A5: BRAYAN ARNOLDO VALENZUELA VERDUGO | B5: 3 | C5: ABRIL | D5: 2021 | E5: ALICIA VALENZUELA VERDUGO | F5: ** **** ** **** *** **** | G5: ALBA ALICIA VALENZUELA VERDUGO
A6: MARÍA XIOMARA GUADALUPE BOULLET OCHOA | B6: 3 | C6: ABRIL | D6: 2021 | E6: VIANCA SUGEY BOULLET OCHOA | F6: ** *** **** ** **** **** | G6: JOSÉ GPE. LÓPEZ TRUJILLO y BRIANDA YAQUELIN BAULLET OCHOA
